30.76673583,103.98461633,-0.354,0.004
30.76673650,103.98461617,-0.346,0.002
30.76673700,103.98461617,-0.350,0.004
30.76673783,103.98461617,-0.348,-0.001
30.76673850,103.98461617,-0.349,-0.002
30.76673917,103.98461583,-0.352,-0.000
30.76673983,103.98461567,-0.347,-0.001
30.76674033,103.98461533,-0.348,0.003
30.76674033,103.98461550,-0.349,0.004
30.76674083,103.98461533,-0.349,0.001
30.76674150,103.98461500,-0.348,-0.001
30.76674233,103.98461450,-0.347,-0.001
30.76674300,103.98461367,-0.347,-0.002
30.76674300,103.98461383,-0.353,-0.002
30.76674267,103.98461433,-0.348,0.000
30.76674267,103.98461467,-0.346,-0.004
30.76674233,103.98461583,-0.344,-0.002
30.76674133,103.98461800,-0.345,-0.002
30.76674033,103.98462117,-0.346,0.000
30.76673983,103.98462433,-0.351,0.003
30.76674000,103.98462800,-0.344,0.004
30.76674050,103.98463067,-0.347,0.001
30.76674133,103.98463217,-0.346,-0.004
30.76674233,103.98463233,-0.354,-0.002
30.76674400,103.98463050,-0.351,-0.008
30.76674500,103.98462883,-0.351,0.006
30.76674600,103.98462567,-0.346,-0.005
30.76674767,103.98462100,-0.350,-0.002
30.76675000,103.98461550,-0.355,0.007
30.76675000,103.98461617,-0.353,-0.001
30.76675017,103.98461633,-0.343,0.001
30.76675050,103.98461600,-0.353,-0.003
30.76675033,103.98461600,-0.349,0.000
30.76675033,103.98461617,-0.348,-0.002
30.76675017,103.98461633,-0.344,-0.004
30.76675033,103.98461617,-0.344,-0.001
30.76675033,103.98461633,-0.316,-0.000
30.76675600,103.98462667,1.364,0.049
30.76676300,103.98463683,2.656,0.128
30.76677067,103.98464683,4.067,0.161
30.76678067,103.98466500,5.915,-0.145
30.76679033,103.98468433,8.279,-0.399
30.76680350,103.98470733,10.892,-0.532
30.76681767,103.98472817,13.482,-0.461
30.76682933,103.98474283,15.281,-0.297
30.76683967,103.98475667,17.046,-0.213
30.76685050,103.98477083,18.855,-0.226
30.76686150,103.98478633,20.744,-0.178
30.76687217,103.98480150,22.603,-0.033
30.76688350,103.98481550,24.325,0.119
30.76688817,103.98482167,25.029,0.185
30.76688867,103.98482267,25.048,0.189
30.76689250,103.98482767,25.788,0.228
30.76690033,103.98483850,27.129,0.304
30.76690983,103.98485200,28.770,0.312
30.76692050,103.98486733,30.669,0.368
30.76693417,103.98488533,32.930,0.517
30.76694633,103.98490333,34.874,0.592
30.76695933,103.98492067,37.066,0.778
30.76697267,103.98493817,39.144,0.853
30.76698650,103.98495733,41.567,0.945
30.76700033,103.98497650,43.842,1.007
30.76701450,103.98499717,46.341,1.081
30.76702883,103.98501867,48.889,1.144
30.76704117,103.98503767,51.076,1.166
30.76705517,103.98505717,53.463,1.379
30.76706967,103.98507417,55.560,1.629
30.76708300,103.98509367,57.880,1.664
30.76709500,103.98511200,60.030,1.679
30.76710833,103.98512950,62.325,1.830
30.76712100,103.98514667,64.459,1.895
30.76713333,103.98516517,66.639,1.905
30.76714617,103.98518283,68.866,1.959
30.76715900,103.98520217,71.111,1.904
30.76718467,103.98524267,75.860,1.731
30.76720883,103.98528733,80.653,1.184
30.76722083,103.98530967,83.042,1.042
30.76722800,103.98531967,84.224,1.093
30.76723650,103.98533317,85.683,0.960
30.76724383,103.98534833,87.224,0.729
30.76724617,103.98535267,87.419,0.715
30.76724667,103.98535317,87.454,0.705
30.76724700,103.98535350,87.469,0.704
30.76724750,103.98535367,87.444,0.700
30.76724800,103.98535383,87.469,0.704
30.76724850,103.98535400,87.487,0.699
30.76724900,103.98535433,87.488,0.699
30.76725050,103.98535533,87.584,0.686
30.76725450,103.98536417,88.434,0.558
30.76726417,103.98538250,90.777,0.351
30.76729167,103.98542383,95.737,0.150
30.76730333,103.98544650,98.223,-0.194
30.76731333,103.98546583,100.224,-0.478
30.76732100,103.98548233,101.946,-0.989
30.76732317,103.98549850,103.097,-1.883
30.76731800,103.98551950,104.215,-3.758
30.76730333,103.98553950,104.712,-6.424
30.76728733,103.98555817,104.872,-8.898
30.76727200,103.98557550,104.802,-11.200
30.76725517,103.98558517,104.752,-13.508
30.76724133,103.98560017,105.136,-15.776
30.76722783,103.98561750,105.494,-18.043
30.76721233,103.98563350,105.712,-20.444
30.76719717,103.98565317,106.091,-22.944
30.76718200,103.98567083,106.397,-25.478
30.76716667,103.98568767,106.577,-27.874
30.76715133,103.98570200,106.721,-30.209
30.76713483,103.98571850,106.912,-32.651
30.76711817,103.98573817,107.315,-35.325
30.76710017,103.98575650,107.694,-37.897
30.76708383,103.98577650,108.031,-40.443
30.76706617,103.98579567,108.319,-43.084
30.76704833,103.98581317,108.473,-45.694
30.76703050,103.98583200,108.655,-48.332
30.76701367,103.98584900,108.858,-50.778
30.76699733,103.98586083,108.497,-52.680
30.76698067,103.98587200,108.524,-54.991
30.76696633,103.98589250,109.040,-57.460
30.76695150,103.98591367,109.543,-60.088
30.76693567,103.98593433,109.932,-62.732
30.76691933,103.98595250,110.075,-65.274
30.76690183,103.98597100,110.251,-67.918
30.76688433,103.98598850,110.403,-70.484
30.76686700,103.98600600,110.626,-73.046
30.76684933,103.98602400,110.848,-75.570
30.76683267,103.98604317,111.202,-78.227
30.76681583,103.98606317,111.510,-80.772
30.76679867,103.98608083,111.606,-83.407
30.76678067,103.98609750,111.610,-86.002
30.76676383,103.98611483,111.804,-88.547
30.76674750,103.98613233,112.056,-91.075
30.76673067,103.98615133,112.272,-93.625
30.76671250,103.98616900,112.398,-96.306
30.76669533,103.98618683,112.622,-98.898
30.76667850,103.98620583,112.927,-101.509
30.76666150,103.98622417,113.112,-104.055
30.76664383,103.98624250,113.288,-106.672
30.76662767,103.98626200,113.598,-109.268
30.76661000,103.98628067,113.879,-111.888
30.76659183,103.98629867,113.973,-114.454
30.76657467,103.98631567,114.158,-117.042
30.76655833,103.98633300,114.368,-119.615
30.76654183,103.98635067,114.515,-122.261
30.76652483,103.98636817,114.662,-124.913
30.76650867,103.98638683,114.954,-127.412
30.76649233,103.98640517,115.189,-130.024
30.76647433,103.98642200,115.250,-132.597
30.76645583,103.98643817,115.258,-135.295
30.76643767,103.98645600,115.341,-137.814
30.76642050,103.98647433,115.580,-140.413
30.76640283,103.98649200,115.701,-143.084
30.76638483,103.98650967,115.863,-145.703
30.76636783,103.98652800,116.205,-148.289
30.76635183,103.98654700,116.553,-150.762
30.76633517,103.98656450,116.748,-153.376
30.76631717,103.98658083,116.644,-156.111
30.76629750,103.98659350,116.483,-158.723
30.76627883,103.98661033,116.492,-161.389
30.76626133,103.98662767,116.789,-163.935
30.76624633,103.98664683,116.977,-166.391
30.76622817,103.98666350,117.025,-169.074
30.76621017,103.98668150,117.205,-171.715
30.76619217,103.98670017,117.476,-174.372
30.76617567,103.98671667,117.913,-176.861
30.76615850,103.98673533,118.068,-179.447
30.76613983,103.98675250,118.048,-182.137
30.76612083,103.98676833,118.164,-184.659
30.76610417,103.98678783,118.329,-187.411
30.76608383,103.98680417,118.199,-190.018
30.76606650,103.98682250,118.556,-192.640
30.76605067,103.98683933,118.610,-195.055
30.76603433,103.98685900,118.975,-197.506
30.76601850,103.98687817,119.419,-200.185
30.76600133,103.98689500,119.621,-202.835
30.76598183,103.98691033,119.559,-205.370
30.76596183,103.98692483,119.399,-208.013
30.76594367,103.98693967,119.542,-210.599
30.76592633,103.98695767,119.844,-213.228
30.76591133,103.98697717,120.247,-215.692
30.76589533,103.98699617,120.605,-218.182
30.76587767,103.98701450,120.737,-220.919
30.76585933,103.98703250,120.911,-223.534
30.76584200,103.98705183,121.150,-226.058
30.76582450,103.98707167,121.547,-228.811
30.76580933,103.98708883,121.818,-231.121
30.76579183,103.98710683,122.018,-233.700
30.76577683,103.98712233,122.176,-235.934
30.76577167,103.98712850,122.177,-236.377
30.76577200,103.98712900,122.174,-236.422
30.76577200,103.98712950,122.192,-236.424
30.76577217,103.98713000,122.188,-236.416
30.76577200,103.98713033,122.188,-236.410
30.76577200,103.98713067,122.187,-236.404
30.76577183,103.98713083,122.176,-236.408
30.76577100,103.98713117,122.193,-236.511
30.76576750,103.98713367,122.202,-236.896
30.76576050,103.98713900,122.277,-237.982
30.76572983,103.98717133,122.621,-242.722
30.76571233,103.98718967,122.826,-245.244
30.76569417,103.98720733,122.922,-247.868
30.76567617,103.98722750,123.163,-250.395
30.76565933,103.98724700,123.380,-252.746
30.76564417,103.98726233,123.699,-254.869
30.76562933,103.98728267,124.312,-257.260
30.76561700,103.98730583,125.507,-259.530
30.76561500,103.98733050,127.323,-260.890
30.76561750,103.98735783,129.650,-262.091
30.76562367,103.98738450,132.201,-263.012
30.76562667,103.98739717,133.350,-263.418
30.76563367,103.98742333,135.774,-264.365
30.76562917,103.98746433,138.278,-267.241
30.76562100,103.98749000,139.589,-269.543
30.76561067,103.98751533,140.807,-271.847
30.76560183,103.98753867,141.927,-273.895
30.76559250,103.98756033,142.883,-275.996
30.76557050,103.98760117,144.387,-280.320
30.76555750,103.98762033,144.887,-282.497
30.76554250,103.98763650,145.133,-284.846
30.76552550,103.98765417,145.289,-287.337
30.76551683,103.98766267,145.295,-288.610
30.76549850,103.98767767,145.266,-291.025
30.76547200,103.98770500,145.629,-294.972
30.76545333,103.98772250,145.643,-297.606
30.76543483,103.98774000,145.639,-300.260
30.76540583,103.98776850,145.732,-304.358
30.76539267,103.98778650,146.208,-306.765
30.76537783,103.98780383,146.608,-309.066
30.76536183,103.98782333,146.883,-311.577
30.76534383,103.98784133,147.067,-314.231
30.76533500,103.98785083,147.185,-315.545
30.76529183,103.98789650,147.674,-322.038
30.76528300,103.98790567,147.724,-323.351
30.76525550,103.98793267,147.918,-327.335
30.76523717,103.98795117,147.989,-329.965
30.76521867,103.98796867,148.090,-332.606
30.76520967,103.98797817,148.192,-333.830
30.76518233,103.98800333,148.248,-337.801
30.76517433,103.98801117,148.284,-339.070
30.76515000,103.98803833,148.812,-342.687
30.76513350,103.98805667,148.837,-345.289
30.76511417,103.98807183,148.808,-347.803
30.76510517,103.98807917,148.742,-349.010
30.76508717,103.98809550,148.838,-351.518
30.76506733,103.98810967,148.637,-354.069
30.76504050,103.98813617,148.924,-358.039
30.76502267,103.98815467,149.166,-360.696
30.76500517,103.98817333,149.369,-363.222
30.76498600,103.98819100,149.413,-365.943
30.76496767,103.98820850,149.540,-368.603
30.76494883,103.98822583,149.577,-371.206
30.76493033,103.98824317,149.658,-373.884
30.76491217,103.98825950,149.730,-376.435
30.76490367,103.98826883,149.922,-377.822
30.76488483,103.98828617,150.004,-380.496
30.76486600,103.98830283,150.059,-383.070
30.76483883,103.98832800,150.290,-386.954
30.76482933,103.98833583,150.277,-388.346
30.76480950,103.98835100,150.119,-390.951
30.76478017,103.98837383,150.072,-394.872
30.76477050,103.98838217,150.085,-396.160
30.76472833,103.98841967,150.236,-402.203
30.76472017,103.98842683,150.284,-403.386
30.76470483,103.98844283,150.659,-405.711
30.76469083,103.98846200,151.268,-408.101
30.76467700,103.98848133,151.877,-410.484
30.76466367,103.98850000,152.491,-412.822
30.76464983,103.98851950,153.139,-415.167
30.76463700,103.98853867,153.903,-417.373
30.76462650,103.98855833,154.916,-419.392
30.76462600,103.98858900,157.539,-420.842
30.76462817,103.98860017,158.584,-421.355
30.76463317,103.98862200,160.710,-422.023
30.76464150,103.98864183,162.860,-422.483
30.76464417,103.98866933,165.857,-423.351
30.76464650,103.98867750,166.759,-423.521
30.76465183,103.98869133,168.316,-423.558
30.76465933,103.98870250,169.798,-423.469
30.76465950,103.98870417,169.874,-423.463
30.76465867,103.98870450,169.896,-423.460
30.76465800,103.98870450,169.882,-423.464
30.76465750,103.98870433,169.871,-423.462
30.76465767,103.98870417,169.867,-423.467
30.76467017,103.98871200,171.244,-422.729
30.76467000,103.98871167,171.257,-422.728
30.76466933,103.98871117,171.209,-422.748
30.76466933,103.98871017,171.186,-422.771
30.76467017,103.98871050,171.170,-422.786
30.76466950,103.98871117,171.186,-422.789
30.76466900,103.98871200,171.182,-422.782
30.76466800,103.98871317,171.184,-422.784
30.76466750,103.98871450,171.186,-422.782
30.76466733,103.98871550,171.181,-422.780
30.76466733,103.98871700,171.183,-422.777
30.76466717,103.98871700,171.178,-422.789
30.76466700,103.98871783,171.178,-422.787
30.76466717,103.98871767,171.187,-422.780
30.76466750,103.98871733,171.185,-422.781
30.76466750,103.98871833,171.188,-422.789
30.76466600,103.98871850,171.184,-422.782
30.76466533,103.98871867,171.180,-422.787
30.76466467,103.98871917,171.142,-422.806
30.76466533,103.98871900,171.201,-422.779
30.76466567,103.98871967,171.184,-422.781
30.76466583,103.98871983,171.193,-422.784
30.76466617,103.98872000,171.187,-422.784
30.76466617,103.98872050,171.184,-422.772
30.76466650,103.98872067,171.183,-422.779
30.76466717,103.98872100,171.182,-422.773
30.76466733,103.98872017,171.191,-422.775
30.76466750,103.98871933,171.187,-422.772
30.76466833,103.98871883,171.196,-422.771
30.76466850,103.98871817,171.193,-422.772
30.76467017,103.98871700,171.182,-422.770
30.76467033,103.98871700,171.181,-422.771
30.76467067,103.98871683,171.190,-422.772
30.76467083,103.98871700,171.187,-422.764
30.76467167,103.98871717,171.191,-422.771
30.76467200,103.98871750,171.205,-422.755
30.76467217,103.98871617,171.204,-422.767
30.76467283,103.98871550,171.227,-422.755
30.76468817,103.98871450,172.347,-422.005
30.76470483,103.98872117,174.049,-420.972
30.76472333,103.98873333,176.421,-420.147
30.76474133,103.98874533,178.607,-419.161
30.76475767,103.98876167,181.005,-418.698
30.76477283,103.98878183,183.672,-418.435
30.76478817,103.98880083,186.211,-418.182
30.76480267,103.98882233,188.887,-418.057
30.76481833,103.98884183,191.304,-417.819
30.76483483,103.98886200,193.949,-417.591
30.76485000,103.98888400,196.657,-417.519
30.76486400,103.98890550,199.146,-417.416
30.76488017,103.98892450,201.778,-417.041
30.76489733,103.98894467,204.459,-416.808
30.76491233,103.98896617,207.063,-416.747
30.76492633,103.98898850,209.710,-416.713
30.76494233,103.98900900,212.303,-416.361
30.76495883,103.98902983,215.005,-416.026
30.76497600,103.98904983,217.485,-415.606
30.76499467,103.98906583,219.940,-414.837
30.76501517,103.98907933,222.352,-413.757
30.76503533,103.98909250,224.827,-412.703
30.76505633,103.98910433,227.122,-411.472
30.76507850,103.98911317,229.222,-409.968
30.76510150,103.98911933,231.284,-408.188
30.76512400,103.98912650,233.244,-406.628
30.76514750,103.98913150,235.176,-404.762
30.76517000,103.98913333,236.882,-402.885
30.76519183,103.98913517,238.629,-400.879
30.76521417,103.98913517,240.083,-398.733
30.76523700,103.98913250,241.388,-396.503
30.76526100,103.98913067,242.717,-394.358
30.76528300,103.98912283,243.487,-391.757
30.76530500,103.98911133,244.079,-389.173
30.76532700,103.98910033,244.761,-386.595
30.76534733,103.98908933,245.250,-384.094
30.76536917,103.98907933,245.939,-381.669
30.76539117,103.98906817,246.575,-379.084
30.76541383,103.98905967,247.362,-376.548
30.76543617,103.98905050,248.074,-373.941
30.76545567,103.98904050,248.559,-371.797
30.76547667,103.98902733,249.044,-369.233
30.76549683,103.98901617,249.513,-366.879
30.76551750,103.98900750,250.274,-364.586
30.76553867,103.98899917,251.002,-362.262
30.76556100,103.98899133,251.876,-359.676
30.76558367,103.98898350,252.707,-357.259
30.76560483,103.98897317,253.093,-354.712
30.76562400,103.98895817,253.180,-351.984
30.76564300,103.98894433,253.507,-349.614
30.76566183,103.98893383,254.048,-347.242
30.76568133,103.98892400,254.675,-345.082
30.76569733,103.98891683,255.152,-343.324
30.76571233,103.98890950,255.594,-341.347
30.76572500,103.98890383,256.090,-339.875
30.76574150,103.98890017,256.911,-338.146
30.76575883,103.98888867,256.627,-336.065
30.76575733,103.98886583,254.450,-335.178
30.76574517,103.98884350,251.874,-335.076
30.76573050,103.98882283,249.006,-335.185
30.76571633,103.98880067,246.406,-335.167
30.76570350,103.98877883,243.856,-335.066
30.76569333,103.98875650,241.590,-334.617
30.76568067,103.98873500,238.986,-334.705
30.76566317,103.98871833,236.596,-335.256
30.76564833,103.98869867,234.102,-335.408
30.76563367,103.98867850,231.532,-335.596
30.76561200,103.98864917,227.918,-335.798
30.76560500,103.98863817,226.508,-335.816
30.76559117,103.98861650,223.917,-335.959
30.76557550,103.98859617,221.276,-336.220
30.76555983,103.98857500,218.591,-336.486
30.76554317,103.98855633,216.160,-336.926
30.76552833,103.98853767,213.688,-337.171
30.76551700,103.98852117,211.697,-337.195
30.76550383,103.98850233,209.460,-337.382
30.76548783,103.98848333,206.880,-337.566
30.76547317,103.98846267,204.267,-337.657
30.76545717,103.98844283,201.699,-338.042
30.76544033,103.98842400,199.185,-338.341
30.76542533,103.98840417,196.449,-338.602
30.76540233,103.98837500,192.791,-339.084
30.76539483,103.98836617,191.541,-339.251
30.76537833,103.98834700,188.958,-339.431
30.76536517,103.98832550,186.543,-339.482
30.76535017,103.98830800,184.106,-339.781
30.76533667,103.98828933,181.763,-339.797
30.76532533,103.98827083,179.541,-339.650
30.76531567,103.98825317,177.346,-339.541
30.76530400,103.98823283,175.100,-339.426
30.76528083,103.98819400,170.525,-339.470
30.76526567,103.98817567,168.133,-339.744
30.76525017,103.98815800,165.684,-340.131
30.76523450,103.98814000,163.319,-340.655
30.76521233,103.98813067,161.232,-342.192
30.76520550,103.98812783,160.817,-342.586
30.76520483,103.98812717,160.700,-342.580
30.76520417,103.98812700,160.681,-342.630
30.76520367,103.98812667,160.683,-342.678
30.76519967,103.98812500,160.494,-343.111
30.76519067,103.98813317,160.682,-344.399
30.76517600,103.98814850,160.821,-346.788
30.76515850,103.98816367,160.976,-349.258
30.76514567,103.98817867,161.330,-351.309
30.76513133,103.98819383,161.448,-353.651
30.76511383,103.98820950,161.426,-356.003
30.76509700,103.98822400,161.606,-358.501
30.76508100,103.98823783,161.646,-360.824
30.76506533,103.98825250,161.757,-362.951
30.76505100,103.98826683,161.695,-365.032
30.76502600,103.98828033,160.812,-368.087
30.76501867,103.98828317,160.512,-368.799
30.76500617,103.98828700,160.157,-370.149
30.76499350,103.98830050,160.393,-372.192
30.76497783,103.98831933,160.728,-374.736
30.76496333,103.98833583,160.976,-376.910
30.76494650,103.98835100,160.979,-379.353
30.76492867,103.98836667,161.081,-381.749
30.76491483,103.98838300,161.495,-383.879
30.76490183,103.98840000,161.861,-385.938
30.76488933,103.98841367,162.066,-387.948
30.76487667,103.98842733,162.242,-389.856
30.76486567,103.98844300,162.447,-391.578
30.76485367,103.98845700,162.575,-393.525
30.76483883,103.98846900,162.472,-395.636
30.76482217,103.98847933,162.338,-397.691
30.76480750,103.98849250,162.287,-399.712
30.76479067,103.98850883,162.305,-402.346
30.76477567,103.98852383,162.503,-404.445
30.76476117,103.98854117,162.858,-406.775
30.76474850,103.98855467,163.078,-408.578
30.76473533,103.98857017,163.323,-410.641
30.76472167,103.98858567,163.482,-412.801
30.76470817,103.98859900,163.586,-414.786
30.76469583,103.98861117,163.650,-416.560
30.76468683,103.98862017,163.754,-417.721
30.76467617,103.98862683,163.543,-419.152
30.76466200,103.98863583,162.988,-420.770
30.76465050,103.98862317,160.908,-420.619
30.76464100,103.98860600,159.025,-420.436
30.76462967,103.98858817,157.105,-420.273
30.76462833,103.98856483,155.203,-418.826
30.76463400,103.98854233,154.008,-417.006
30.76464283,103.98852033,153.070,-414.915
30.76465367,103.98849933,152.206,-412.727
30.76466583,103.98847867,151.595,-410.428
30.76468050,103.98845867,151.050,-407.920
30.76469900,103.98844233,151.269,-405.412
30.76471650,103.98842667,151.094,-402.835
30.76473367,103.98840800,150.914,-400.315
30.76475200,103.98839067,150.894,-397.765
30.76476900,103.98837367,150.655,-395.279
30.76478233,103.98835717,150.209,-393.174
30.76479667,103.98834017,149.858,-390.779
30.76481450,103.98832233,149.825,-388.225
30.76483200,103.98830867,149.952,-385.829
30.76484550,103.98829683,149.944,-383.940
30.76484550,103.98829600,149.968,-384.114
30.76484550,103.98829550,149.988,-383.858
30.76485867,103.98827983,149.656,-381.336
30.76487333,103.98826150,149.238,-378.928
30.76488883,103.98824333,148.913,-376.468
30.76490450,103.98822450,148.601,-373.812
30.76492083,103.98820783,148.447,-371.316
30.76493817,103.98819083,148.416,-368.766
30.76495433,103.98817367,148.195,-366.295
30.76497100,103.98815767,148.220,-363.796
30.76498883,103.98814383,148.365,-361.354
30.76500617,103.98813133,148.462,-358.883
30.76502283,103.98811500,148.462,-356.733
30.76504117,103.98810217,148.617,-354.269
30.76506117,103.98809133,149.097,-351.740
30.76508067,103.98807900,149.346,-349.282
30.76510017,103.98806350,149.772,-346.566
30.76512233,103.98806300,151.608,-344.633
30.76514367,103.98807333,153.769,-343.445
30.76516400,103.98808600,156.102,-342.489
30.76518100,103.98809567,158.521,-341.548
30.76521650,103.98810983,162.235,-338.753
30.76525733,103.98810733,164.938,-334.795
30.76528400,103.98809033,165.330,-331.421
30.76529317,103.98808267,165.493,-330.090
30.76531067,103.98806583,165.536,-327.555
30.76532933,103.98805100,165.621,-325.061
30.76534517,103.98803283,165.329,-322.615
30.76536167,103.98801250,164.962,-320.067
30.76537917,103.98799467,164.848,-317.395
30.76539683,103.98797833,164.732,-314.857
30.76541350,103.98796117,164.477,-312.271
30.76543083,103.98794317,164.301,-309.761
30.76544867,103.98792567,164.075,-307.059
30.76546517,103.98790767,163.799,-304.543
30.76548050,103.98789067,163.487,-301.948
30.76549650,103.98787233,163.114,-299.521
30.76551567,103.98785700,163.171,-296.872
30.76553283,103.98784083,162.943,-294.418
30.76555067,103.98782400,162.782,-291.866
30.76556650,103.98780617,162.620,-289.206
30.76558333,103.98778767,162.362,-286.570
30.76560017,103.98776967,162.148,-283.978
30.76561700,103.98775183,162.003,-281.611
30.76563433,103.98773483,161.849,-279.102
30.76567033,103.98770317,161.537,-274.097
30.76568600,103.98768517,161.267,-271.594
30.76570200,103.98767017,161.041,-269.356
30.76571850,103.98765500,160.675,-266.822
30.76573367,103.98763850,160.341,-264.676
30.76574967,103.98761950,159.917,-262.314
30.76577500,103.98758567,159.280,-258.269
30.76579483,103.98755883,159.057,-255.094
30.76579450,103.98755767,159.031,-255.100
30.76579317,103.98755767,159.035,-255.026
30.76579267,103.98755850,159.027,-255.050
30.76579217,103.98755983,159.035,-255.055
30.76579167,103.98756200,159.033,-255.061
30.76579033,103.98756350,159.031,-255.062
30.76578950,103.98756433,159.028,-255.015
30.76579850,103.98755533,158.983,-253.463
30.76581150,103.98754283,159.006,-251.609
30.76582767,103.98752883,158.998,-249.451
30.76584317,103.98751400,158.880,-247.243
30.76586033,103.98749850,158.880,-244.893
30.76587567,103.98748583,158.823,-242.877
30.76589500,103.98745767,157.807,-239.575
30.76591983,103.98743467,158.319,-236.261
30.76593683,103.98742400,158.531,-234.082
30.76596900,103.98739633,158.536,-229.660
30.76600333,103.98736483,158.362,-224.667
30.76601933,103.98734517,158.077,-222.126
30.76603617,103.98732633,157.837,-219.663
30.76605383,103.98730950,157.673,-217.094
30.76609483,103.98726300,157.027,-210.582
30.76610417,103.98725517,156.895,-209.293
30.76612417,103.98724050,156.800,-206.585
30.76614283,103.98722400,156.510,-204.070
30.76615883,103.98720467,156.105,-201.619
30.76617550,103.98718650,155.856,-199.145
30.76619450,103.98717000,155.713,-196.552
30.76621367,103.98715550,155.745,-194.047
30.76623083,103.98714033,155.742,-191.684
30.76624817,103.98712050,155.452,-189.204
30.76626483,103.98710150,155.202,-186.657
30.76631550,103.98705017,154.868,-179.160
30.76633267,103.98702967,154.624,-176.533
30.76634917,103.98701100,154.415,-173.934
30.76636700,103.98699367,154.272,-171.316
30.76638283,103.98697450,153.976,-168.877
30.76639933,103.98695567,153.732,-166.333
30.76641783,103.98693867,153.702,-163.761
30.76643483,103.98692133,153.480,-161.134
30.76645200,103.98690267,153.130,-158.559
30.76646883,103.98688400,153.029,-156.058
30.76648750,103.98686733,153.134,-153.335
30.76650600,103.98685067,153.108,-150.852
30.76652267,103.98683417,152.836,-148.249
30.76654000,103.98681500,152.607,-145.615
30.76655800,103.98679950,152.456,-142.932
30.76657567,103.98678167,152.202,-140.303
30.76659200,103.98676617,152.053,-137.826
30.76660633,103.98675467,151.991,-135.877
30.76662117,103.98674183,151.826,-133.764
30.76663267,103.98673067,151.692,-132.374
30.76663667,103.98672467,151.667,-131.740
30.76663583,103.98672600,151.656,-131.749
30.76663733,103.98672183,151.620,-131.125
30.76664983,103.98670750,151.523,-128.856
30.76668633,103.98667550,151.397,-123.698
30.76670267,103.98665783,151.212,-121.116
30.76671967,103.98663850,151.044,-118.582
30.76675617,103.98660450,150.733,-113.414
30.76678950,103.98656550,150.021,-108.623
30.76680817,103.98655067,150.063,-106.046
30.76682683,103.98653367,149.852,-103.521
30.76686217,103.98649800,149.686,-98.365
30.76688067,103.98648200,149.604,-95.720
30.76689967,103.98646583,149.537,-93.039
30.76691467,103.98644467,149.234,-90.467
30.76693033,103.98642517,148.973,-87.987
30.76694867,103.98640783,148.751,-85.355
30.76696667,103.98639000,148.452,-82.767
30.76698367,103.98637283,148.438,-80.173
30.76700133,103.98635433,148.295,-77.614
30.76702067,103.98633767,148.299,-74.932
30.76705133,103.98629733,147.874,-69.697
30.76707967,103.98627150,147.667,-65.788
30.76712050,103.98622350,147.067,-59.167
30.76713967,103.98620517,146.970,-56.480
30.76715933,103.98618917,146.926,-53.930
30.76719533,103.98615283,146.414,-48.882
30.76721117,103.98613783,146.217,-46.661
30.76723917,103.98611400,146.042,-43.008
30.76724850,103.98610567,145.965,-41.737
30.76729400,103.98606283,145.744,-35.481
30.76730917,103.98604367,145.419,-32.927
30.76731800,103.98603383,145.228,-31.637
30.76733517,103.98601583,145.123,-29.063
30.76735083,103.98599983,145.096,-26.629
30.76736867,103.98598617,145.098,-24.263
30.76738633,103.98596967,145.000,-21.716
30.76740467,103.98595433,145.055,-19.097
30.76743883,103.98592283,144.772,-14.430
30.76745383,103.98590450,144.303,-11.851
30.76747100,103.98588700,144.138,-9.393
30.76751267,103.98584650,143.735,-3.438
30.76752033,103.98583850,143.606,-2.210
30.76752917,103.98582067,142.365,-0.733
30.76751367,103.98577067,137.359,0.501
30.76749983,103.98574750,134.616,0.709
30.76748533,103.98572450,131.904,0.740
30.76747367,103.98570600,129.884,0.792
30.76746200,103.98568600,127.564,0.862
30.76744917,103.98566450,125.109,0.903
30.76742850,103.98563500,121.577,0.852
30.76742283,103.98562633,120.624,0.865
30.76741117,103.98560583,118.207,1.052
30.76740217,103.98558733,116.231,1.311
30.76737983,103.98554950,112.090,1.459
30.76737217,103.98553467,110.420,1.670
30.76736600,103.98552050,108.982,1.905
30.76735317,103.98549200,105.592,2.190
30.76733683,103.98547267,103.100,1.826
30.76732117,103.98545283,100.587,1.774
30.76731083,103.98543067,98.199,2.281
30.76728583,103.98538617,93.102,2.704
30.76727350,103.98536383,90.521,2.922
30.76726050,103.98534267,88.069,3.020
30.76724800,103.98532200,85.699,3.174
30.76723733,103.98530350,83.592,3.272
30.76722367,103.98528317,81.085,3.193
30.76721100,103.98526533,78.850,3.059
30.76719633,103.98524583,76.412,2.941
30.76718167,103.98522467,73.840,2.900
30.76716917,103.98520367,71.355,2.956
30.76715467,103.98518250,68.747,2.930
30.76713983,103.98516167,66.220,2.764
30.76712417,103.98514383,63.833,2.597
30.76711117,103.98512367,61.454,2.762
30.76709767,103.98510167,58.675,2.739
30.76708350,103.98508100,56.117,2.644
30.76707000,103.98506183,53.770,2.598
30.76705667,103.98503950,51.255,2.733
30.76704233,103.98501750,48.593,2.674
30.76702667,103.98499650,45.923,2.488
30.76701183,103.98497533,43.308,2.322
30.76699533,103.98495467,40.720,1.991
30.76698133,103.98493650,38.490,1.893
30.76696850,103.98491883,36.312,1.769
30.76695533,103.98490150,34.053,1.622
30.76694083,103.98488250,31.593,1.409
30.76692550,103.98486250,29.066,1.264
30.76690950,103.98484250,26.458,1.027
30.76689333,103.98482183,23.831,0.832
30.76687883,103.98480033,21.194,0.862
30.76686650,103.98478550,19.309,0.580
30.76685483,103.98477200,17.499,0.214
30.76684550,103.98476733,16.919,-0.603
30.76683700,103.98477850,17.521,-2.185
30.76682550,103.98479917,18.260,-4.471
30.76681267,103.98481617,18.648,-6.515
30.76679717,103.98483483,19.030,-9.063
30.76677850,103.98485317,19.091,-11.800
30.76676067,103.98487133,19.388,-14.385
30.76674583,103.98489017,19.704,-16.692
30.76673083,103.98490717,20.011,-19.002
30.76671250,103.98492417,19.930,-21.615
30.76669450,103.98494133,19.804,-24.100
30.76667500,103.98495533,19.623,-26.671
30.76665733,103.98497067,19.645,-29.219
30.76663617,103.98499167,19.582,-32.040
30.76663450,103.98499350,19.598,-32.139
30.76663483,103.98499400,19.594,-32.140
30.76663517,103.98499367,19.599,-32.145
30.76663550,103.98499450,19.602,-32.123
30.76663583,103.98499483,19.606,-32.146
30.76663617,103.98499533,19.607,-32.141
30.76663650,103.98499600,19.615,-32.146
30.76663683,103.98499683,19.610,-32.141
30.76663717,103.98499700,19.600,-32.148
30.76663733,103.98499733,19.596,-32.135
30.76663783,103.98499833,19.610,-32.140
30.76663783,103.98499900,19.600,-32.156
30.76663800,103.98500050,19.614,-32.145
30.76663817,103.98500100,19.607,-32.142
30.76663817,103.98500200,19.605,-32.147
30.76663817,103.98500267,19.604,-32.144
30.76663817,103.98500317,19.601,-32.149
