30.76755650,103.98388700,-0.112,0.032
30.76755767,103.98388617,-0.116,0.036
30.76755950,103.98388517,-0.110,0.042
30.76756050,103.98388433,-0.110,0.030
30.76756183,103.98388300,-0.113,0.027
30.76756283,103.98388217,-0.105,0.039
30.76756483,103.98388200,-0.112,0.041
30.76756650,103.98388300,-0.039,0.032
30.76755417,103.98386767,2.855,-0.162
30.76752867,103.98383067,7.314,-0.907
30.76750400,103.98379217,11.928,-1.632
30.76747667,103.98375950,15.952,-1.750
30.76745050,103.98372850,20.089,-2.039
30.76742133,103.98369100,24.957,-2.386
30.76738900,103.98365317,29.969,-2.522
30.76735683,103.98361417,34.692,-2.770
30.76732733,103.98357433,39.460,-3.340
30.76730017,103.98353367,44.329,-3.849
30.76727100,103.98349983,48.989,-3.410
30.76723567,103.98348267,52.730,-1.168
30.76719333,103.98349000,55.211,3.263
30.76715100,103.98350983,57.238,8.095
30.76710717,103.98352883,59.324,12.965
30.76706217,103.98354967,61.500,17.569
30.76701533,103.98356850,63.882,22.412
30.76697050,103.98359083,65.782,27.117
30.76692800,103.98361617,67.208,32.143
30.76688467,103.98364250,68.934,37.363
30.76684100,103.98366750,70.623,42.450
30.76679850,103.98369467,71.984,47.669
30.76675567,103.98372183,73.585,52.441
30.76671350,103.98374800,75.143,57.490
30.76667083,103.98377417,76.585,62.801
30.76663033,103.98380517,77.474,67.765
30.76658850,103.98383450,78.804,73.005
30.76654800,103.98386467,79.560,78.318
30.76650683,103.98389250,80.945,83.562
30.76646600,103.98391917,82.062,88.700
30.76642633,103.98395000,82.833,93.758
30.76639167,103.98398767,82.829,99.035
30.76636317,103.98403133,81.532,104.403
30.76634917,103.98408050,78.639,108.085
30.76635783,103.98413050,73.943,110.173
30.76638600,103.98417100,68.661,110.380
30.76641767,103.98420800,63.270,110.415
30.76644967,103.98424750,58.148,110.591
30.76648317,103.98428567,52.816,110.444
30.76651467,103.98432617,47.916,110.683
30.76654517,103.98436883,42.640,111.181
30.76657717,103.98440933,37.154,111.077
30.76661067,103.98444867,32.122,111.182
30.76664483,103.98448683,26.695,111.142
30.76667700,103.98452717,21.513,111.492
30.76670667,103.98457067,16.156,112.159
30.76674000,103.98461050,10.670,112.337
30.76677067,103.98465250,5.538,113.089
30.76679833,103.98469600,0.463,113.721
30.76683200,103.98473517,-4.918,113.790
30.76686533,103.98477550,-10.314,114.031
30.76689583,103.98481817,-15.593,114.767
30.76692850,103.98485967,-20.780,114.868
30.76696083,103.98490167,-26.057,115.431
30.76699117,103.98494550,-31.354,116.082
30.76702167,103.98498850,-36.648,116.437
30.76705100,103.98503217,-41.894,116.845
30.76708367,103.98507367,-47.112,117.057
30.76711517,103.98511533,-52.421,117.420
30.76714800,103.98515600,-57.791,117.677
30.76717933,103.98519900,-63.261,118.185
30.76720900,103.98524350,-68.563,118.911
30.76723700,103.98528733,-73.646,119.809
30.76726200,103.98533550,-78.884,121.169
30.76728500,103.98538517,-84.075,122.650
30.76730467,103.98543600,-89.095,124.782
30.76730883,103.98548367,-91.997,127.935
30.76730083,103.98553300,-93.948,131.711
30.76726983,103.98555433,-92.260,135.796
30.76723050,103.98558050,-91.170,141.042
30.76719500,103.98561283,-90.439,145.975
30.76716267,103.98564550,-90.093,150.333
30.76712733,103.98566950,-88.429,154.482
30.76709333,103.98566083,-84.520,155.530
30.76706467,103.98562283,-79.522,155.037
30.76703367,103.98557983,-74.426,154.391
30.76699933,103.98553983,-69.340,154.363
30.76696750,103.98549950,-64.229,154.019
30.76693467,103.98546050,-58.664,154.050
30.76690200,103.98541917,-53.292,153.774
30.76687250,103.98537700,-48.191,153.221
30.76684367,103.98533300,-42.775,152.549
30.76681283,103.98529400,-37.625,152.540
30.76677983,103.98525767,-32.178,152.746
30.76675000,103.98521983,-26.903,152.557
30.76672083,103.98517567,-21.582,151.999
30.76669200,103.98513100,-16.380,151.444
30.76665950,103.98509367,-11.198,151.774
30.76662750,103.98505217,-5.788,151.358
30.76659467,103.98501083,-0.629,151.085
30.76656533,103.98496683,4.344,150.138
30.76654017,103.98492350,9.776,148.996
30.76651200,103.98488333,14.985,148.758
30.76647683,103.98484667,20.101,148.566
30.76644567,103.98480517,25.182,148.329
30.76641400,103.98477083,30.186,148.783
30.76638233,103.98473133,35.630,148.282
30.76635267,103.98468800,40.859,147.645
30.76632183,103.98464517,46.258,147.152
30.76629050,103.98460350,51.421,147.032
30.76625950,103.98456183,56.655,146.685
30.76622733,103.98452067,62.078,146.627
30.76618950,103.98448833,67.036,147.936
30.76614350,103.98447617,71.073,151.078
30.76609583,103.98447700,74.430,154.903
30.76604950,103.98448733,77.224,159.431
30.76600367,103.98449617,80.340,163.507
30.76595717,103.98449767,83.881,167.259
30.76590900,103.98449283,87.723,170.527
30.76586450,103.98449017,91.294,173.883
30.76582267,103.98450517,93.222,178.689
30.76578500,103.98453483,93.969,183.589
30.76575050,103.98457300,93.958,188.971
30.76571667,103.98461117,94.199,194.043
30.76568200,103.98464783,94.217,199.291
30.76564833,103.98468600,94.175,204.487
30.76561450,103.98472450,94.053,209.885
30.76558017,103.98476350,94.168,215.116
30.76554500,103.98480017,94.324,220.308
30.76551117,103.98483850,94.290,225.753
30.76547533,103.98487400,94.680,230.827
30.76545933,103.98488833,94.929,232.357
30.76545933,103.98488867,94.884,232.346
30.76545967,103.98488883,94.870,232.433
30.76546083,103.98489017,94.865,232.411
30.76546150,103.98489083,94.881,232.396
30.76546217,103.98489100,94.887,232.387
30.76546350,103.98489200,94.881,232.403
30.76546450,103.98489250,94.882,232.396
30.76546433,103.98489217,94.883,232.387
30.76546450,103.98489050,94.887,232.407
30.76546700,103.98488867,94.890,232.394
30.76546950,103.98488700,94.875,232.402
30.76547067,103.98488550,94.876,232.383
30.76547267,103.98488383,94.874,232.396
30.76547433,103.98488333,94.895,232.380
30.76547650,103.98488300,94.885,232.391
30.76547783,103.98488200,94.879,232.392
30.76547917,103.98488067,94.892,232.387
30.76548067,103.98488000,94.878,232.393
30.76548150,103.98487933,94.875,232.394
30.76548250,103.98487900,94.883,232.393
30.76548283,103.98487883,94.893,232.391
30.76548433,103.98488000,94.894,232.391
30.76548417,103.98488050,94.894,232.384
30.76548350,103.98488067,94.864,232.399
30.76548300,103.98488067,94.873,232.397
30.76548250,103.98488117,94.875,232.394
30.76548167,103.98488200,94.868,232.392
30.76548067,103.98488250,94.909,232.388
30.76547983,103.98488300,94.897,232.390
30.76547917,103.98488350,94.833,232.406
30.76547833,103.98488333,94.925,232.375
30.76547750,103.98488333,94.924,232.384
30.76547800,103.98488333,94.920,232.381
30.76547867,103.98488350,94.915,232.386
30.76547867,103.98488333,94.871,232.391
30.76547850,103.98488300,94.945,232.376
30.76547817,103.98488250,94.916,232.374
30.76547767,103.98488183,94.879,232.396
30.76547817,103.98488083,94.903,232.385
30.76547867,103.98487967,94.907,232.384
30.76547933,103.98487883,94.903,232.394
30.76548100,103.98487967,94.878,232.396
30.76548150,103.98488317,94.947,232.378
30.76547417,103.98489200,94.949,233.772
30.76544617,103.98491283,94.968,237.736
30.76542367,103.98494450,94.641,241.611
30.76539983,103.98498033,93.865,246.161
30.76537667,103.98502200,93.000,250.354
30.76535300,103.98506067,91.922,254.716
30.76532900,103.98510017,90.974,258.788
30.76531867,103.98513283,88.502,261.301
30.76532750,103.98517283,84.724,262.939
30.76534567,103.98521333,80.413,263.917
30.76537233,103.98525317,75.078,264.354
30.76540283,103.98529400,69.860,264.633
30.76543350,103.98533450,64.691,264.991
30.76546333,103.98537600,59.608,265.186
30.76549717,103.98541383,54.327,265.142
30.76552917,103.98545317,49.002,265.214
30.76556217,103.98549250,43.718,265.409
30.76559367,103.98553300,38.375,265.663
30.76562350,103.98557433,33.156,266.484
30.76565283,103.98561717,27.791,266.749
30.76568683,103.98565617,22.550,266.660
30.76571917,103.98569700,17.260,266.971
30.76574817,103.98574033,12.143,267.513
30.76577967,103.98578067,6.690,267.763
30.76581317,103.98581967,1.469,267.724
30.76584683,103.98585900,-3.686,267.886
30.76587600,103.98590250,-8.954,268.607
30.76590183,103.98594950,-14.126,269.743
30.76592983,103.98599417,-19.366,270.351
30.76596033,103.98603617,-24.617,270.663
30.76599333,103.98607700,-29.820,270.760
30.76602717,103.98611583,-35.105,270.644
30.76606000,103.98615583,-40.428,270.776
30.76608983,103.98619833,-45.781,271.205
30.76612117,103.98623950,-51.044,271.360
30.76615500,103.98627883,-56.242,271.314
30.76618767,103.98631867,-61.358,271.374
30.76622200,103.98635750,-66.644,271.328
30.76625433,103.98639717,-71.962,271.301
30.76628533,103.98643383,-76.780,271.323
30.76631433,103.98646483,-81.151,270.903
30.76634483,103.98648783,-84.535,269.309
30.76637750,103.98648200,-86.212,265.945
30.76640600,103.98645933,-86.787,261.956
30.76643600,103.98642600,-86.780,256.908
30.76646717,103.98639067,-86.916,251.904
30.76650117,103.98635317,-86.780,246.742
30.76653433,103.98631400,-86.721,241.627
30.76656883,103.98627733,-86.946,236.417
30.76660433,103.98624117,-87.179,231.134
30.76663733,103.98620150,-86.950,225.703
30.76667033,103.98616167,-86.992,220.354
30.76670717,103.98612700,-87.557,215.075
30.76674550,103.98609417,-88.202,210.062
30.76678100,103.98605850,-88.429,204.515
30.76681550,103.98602100,-88.532,199.232
30.76685050,103.98598567,-88.925,194.163
30.76688767,103.98595150,-89.462,188.943
30.76692167,103.98591383,-89.461,183.661
30.76695700,103.98587717,-89.873,178.341
30.76699583,103.98584533,-90.636,173.181
30.76703183,103.98581317,-91.067,168.162
30.76706300,103.98577583,-90.688,163.440
30.76708383,103.98573650,-89.309,159.264
30.76708800,103.98569917,-86.637,156.859
30.76707383,103.98566350,-83.044,155.835
30.76705100,103.98562817,-78.530,155.328
30.76701967,103.98558667,-73.012,155.004
30.76699033,103.98554417,-67.784,154.672
30.76695917,103.98550217,-62.613,154.265
30.76692800,103.98546067,-57.435,154.095
30.76689517,103.98542083,-52.126,153.945
30.76686417,103.98538050,-46.794,153.682
30.76683650,103.98533517,-41.561,152.991
30.76680750,103.98529317,-36.316,152.487
30.76677417,103.98525450,-30.943,152.812
30.76674033,103.98521533,-25.661,152.823
30.76670800,103.98517633,-20.404,152.564
30.76667717,103.98513400,-14.916,152.059
30.76664833,103.98508950,-9.551,151.438
30.76661950,103.98504533,-4.332,150.810
30.76658583,103.98500717,0.603,151.129
30.76655217,103.98496967,5.957,151.062
30.76652267,103.98492800,11.369,150.370
30.76649067,103.98488917,16.599,149.301
30.76646000,103.98484683,21.675,148.724
30.76642917,103.98480600,26.729,148.412
30.76639617,103.98476983,32.128,148.557
30.76636550,103.98472867,37.320,148.308
30.76633517,103.98468717,42.674,147.685
30.76630317,103.98464567,48.080,147.666
30.76626983,103.98460633,53.496,148.035
30.76623350,103.98457083,58.557,148.864
30.76619350,103.98454133,63.806,150.186
30.76615150,103.98451533,68.483,151.935
30.76610533,103.98450183,72.938,155.176
30.76605883,103.98449850,76.823,158.574
30.76600983,103.98450167,80.515,162.272
30.76596183,103.98449917,84.159,166.024
30.76591367,103.98449783,87.719,170.012
30.76586750,103.98449833,91.068,173.942
30.76582300,103.98451067,93.064,178.800
30.76578183,103.98453667,93.971,183.975
30.76574600,103.98457283,93.791,189.298
30.76571367,103.98461250,93.860,194.477
30.76567917,103.98464667,93.926,199.981
30.76564783,103.98468667,93.722,205.235
30.76561400,103.98472250,94.078,210.273
30.76558017,103.98475983,93.844,215.546
30.76554717,103.98479150,94.309,220.355
30.76551233,103.98482933,94.187,225.749
30.76548050,103.98486767,94.232,230.689
30.76544600,103.98489817,94.629,235.525
30.76542100,103.98492083,95.082,238.747
30.76541733,103.98492650,95.087,238.686
30.76541600,103.98492983,95.121,238.832
30.76541583,103.98493117,95.124,238.837
30.76541350,103.98493317,95.105,238.826
30.76540967,103.98493567,95.110,238.802
30.76540517,103.98493817,95.108,238.798
30.76540467,103.98494183,95.100,238.789
30.76540367,103.98494233,95.099,238.808
30.76540233,103.98494133,95.110,238.809
30.76540033,103.98494050,95.096,238.806
30.76539783,103.98493967,95.096,238.818
30.76539817,103.98494000,95.093,238.805
30.76539717,103.98494100,95.097,238.801
30.76539617,103.98494167,95.089,238.814
30.76539600,103.98494233,95.089,238.861
30.76538067,103.98495650,95.495,241.621
30.76535683,103.98498750,95.319,245.681
30.76533500,103.98501567,95.008,249.021
30.76531200,103.98503817,94.688,252.544
30.76528667,103.98506150,94.802,256.599
30.76525933,103.98508750,94.957,260.800
30.76523400,103.98511550,94.469,264.886
30.76521533,103.98515033,93.348,268.703
30.76518900,103.98519117,92.740,273.633
30.76516050,103.98522783,92.553,278.220
30.76513033,103.98526133,92.801,283.067
30.76509667,103.98529200,93.494,287.887
30.76506117,103.98532000,94.431,293.021
30.76502450,103.98534750,95.412,297.912
30.76499400,103.98538000,95.798,303.562
30.76495950,103.98541067,96.555,308.524
30.76492100,103.98543800,97.920,313.641
30.76488133,103.98545900,99.612,318.120
30.76484133,103.98548367,101.005,323.232
30.76480367,103.98551533,101.832,328.429
30.76476517,103.98554767,102.641,333.512
30.76472583,103.98557533,103.923,338.640
30.76468533,103.98560033,105.437,343.636
30.76464267,103.98562267,107.271,348.710
30.76460117,103.98564983,108.552,353.764
30.76455983,103.98567717,110.099,358.926
30.76451700,103.98569983,112.072,363.956
30.76447233,103.98571733,114.317,368.626
30.76442817,103.98573983,115.929,373.593
30.76438667,103.98576750,117.102,378.570
30.76434350,103.98579183,119.011,383.652
30.76429850,103.98580983,121.435,388.356
30.76425517,103.98582933,123.169,393.246
30.76421517,103.98585517,124.336,398.096
30.76418100,103.98588350,124.836,402.510
30.76415317,103.98591567,124.545,406.942
30.76414133,103.98595317,121.977,410.099
30.76414700,103.98599467,118.417,411.989
30.76416900,103.98603250,113.996,412.424
30.76420267,103.98606733,109.066,412.120
30.76423600,103.98610667,103.942,412.293
30.76426550,103.98614983,98.635,412.977
30.76429483,103.98619233,93.607,413.416
30.76432633,103.98623167,88.559,413.308
30.76435917,103.98627300,83.246,413.524
30.76439217,103.98631450,77.877,413.701
30.76442517,103.98635633,72.489,413.950
30.76445683,103.98639883,67.242,414.433
30.76448883,103.98644000,61.903,414.553
30.76452083,103.98648133,56.690,414.862
30.76455167,103.98652433,51.335,415.347
30.76458233,103.98656767,45.836,415.635
30.76461583,103.98660667,40.593,415.518
30.76464750,103.98664783,35.492,415.952
30.76467633,103.98669133,30.210,416.687
30.76470650,103.98673450,24.915,417.229
30.76473900,103.98677533,19.583,417.393
30.76477333,103.98681450,14.278,417.247
30.76480650,103.98685400,9.268,417.429
30.76483767,103.98689600,3.722,417.824
30.76487100,103.98693567,-1.632,417.604
30.76490400,103.98697600,-6.840,417.947
30.76493450,103.98701817,-11.998,418.372
30.76496817,103.98705833,-17.267,418.359
30.76500200,103.98709767,-22.551,418.534
30.76503533,103.98713800,-27.850,418.667
30.76506683,103.98718000,-33.261,419.121
30.76509600,103.98722350,-38.368,420.069
30.76512050,103.98727000,-43.356,421.223
30.76515000,103.98731300,-48.623,421.633
30.76518133,103.98735483,-53.922,422.435
30.76521217,103.98739600,-59.188,422.986
30.76524500,103.98743483,-64.444,422.146
30.76528583,103.98745117,-68.327,419.429
30.76532583,103.98744100,-70.280,415.168
30.76536267,103.98741467,-70.850,410.050
30.76539567,103.98737683,-70.667,404.917
30.76542817,103.98733867,-70.837,399.791
30.76546333,103.98730300,-71.264,394.556
30.76550083,103.98727033,-72.468,389.490
30.76554517,103.98724983,-74.914,384.794
30.76559133,103.98724333,-78.471,380.567
30.76563450,103.98722933,-80.182,376.125
30.76567067,103.98719700,-80.665,370.626
30.76570517,103.98715833,-80.762,365.570
30.76574017,103.98712050,-81.099,360.231
30.76577817,103.98708683,-81.808,355.028
30.76581400,103.98705117,-82.122,349.685
30.76584783,103.98701417,-82.165,344.404
30.76588150,103.98697583,-82.243,339.224
30.76591533,103.98693833,-82.764,333.931
30.76595117,103.98690600,-83.377,328.797
30.76598533,103.98686917,-83.480,323.758
30.76601483,103.98682883,-83.222,318.376
30.76605050,103.98679417,-83.927,313.132
30.76608933,103.98676267,-84.871,307.967
30.76612767,103.98673067,-85.272,302.745
30.76616550,103.98669617,-86.065,297.404
30.76620050,103.98666200,-86.598,292.406
30.76623217,103.98662700,-86.724,287.160
30.76626517,103.98658867,-86.679,281.887
30.76630000,103.98655133,-87.129,276.496
30.76633650,103.98651583,-87.683,271.246
30.76637300,103.98648133,-88.299,266.313
30.76641017,103.98644883,-86.861,260.511
30.76644567,103.98641900,-87.361,255.602
30.76647617,103.98638300,-87.122,250.666
30.76650617,103.98634067,-86.466,245.416
30.76653900,103.98629983,-86.545,240.221
30.76657533,103.98626383,-86.753,234.650
30.76660700,103.98622233,-86.399,229.381
30.76664017,103.98618267,-86.561,224.082
30.76667683,103.98614633,-86.990,218.889
30.76671500,103.98611317,-87.710,213.619
30.76675383,103.98608283,-88.710,208.454
30.76679133,103.98604900,-89.171,203.238
30.76682683,103.98601233,-89.349,197.970
30.76686383,103.98597733,-89.836,192.889
30.76689750,103.98593917,-89.661,187.557
30.76692783,103.98589700,-89.279,182.350
30.76696283,103.98585967,-89.487,177.234
30.76699817,103.98582717,-90.121,171.987
30.76703333,103.98579750,-90.761,167.371
30.76706133,103.98576100,-90.017,162.846
30.76707833,103.98571750,-87.686,158.577
30.76707383,103.98567117,-83.960,156.357
30.76705750,103.98562333,-78.991,154.719
30.76702967,103.98558083,-73.514,154.255
30.76699767,103.98554150,-68.506,153.910
30.76696800,103.98549933,-62.839,153.624
30.76693767,103.98545633,-57.839,153.192
30.76690667,103.98541483,-52.543,152.969
30.76687583,103.98537283,-47.338,152.635
30.76684733,103.98533083,-41.885,152.214
30.76681717,103.98528833,-36.584,151.645
30.76678533,103.98524633,-31.359,151.369
30.76675100,103.98520733,-25.876,151.512
30.76671783,103.98516783,-20.707,151.381
30.76668700,103.98512450,-15.581,151.194
30.76665533,103.98508550,-10.106,151.075
30.76662667,103.98504133,-4.903,150.880
30.76659450,103.98500100,0.444,150.717
30.76656583,103.98495833,5.575,150.309
30.76653350,103.98491933,10.827,149.977
30.76650233,103.98487967,16.134,149.709
30.76647150,103.98483883,21.398,149.000
30.76643867,103.98479767,26.697,148.699
30.76640550,103.98475917,31.870,148.363
30.76637317,103.98472233,37.179,147.713
30.76634267,103.98468200,42.470,147.419
30.76631033,103.98464117,47.881,147.387
30.76627667,103.98460233,52.896,147.601
30.76624033,103.98456767,58.140,148.449
30.76620067,103.98453850,63.216,149.693
30.76616000,103.98450950,68.495,151.005
30.76612100,103.98447867,73.861,152.092
30.76608083,103.98444850,78.786,153.513
30.76603683,103.98442917,83.323,156.218
30.76599283,103.98443367,85.719,160.418
30.76595450,103.98444867,87.880,165.545
30.76591350,103.98447267,89.386,170.471
30.76587183,103.98450133,90.578,175.682
30.76583250,103.98453250,91.234,181.033
30.76579517,103.98456717,91.394,186.270
30.76575867,103.98460100,91.920,191.524
30.76572150,103.98463517,92.159,196.610
30.76568633,103.98467200,92.300,201.830
30.76564900,103.98470500,93.076,207.123
30.76561017,103.98473583,93.837,212.579
30.76557600,103.98477400,93.574,217.538
30.76554283,103.98481200,93.644,223.071
30.76550633,103.98484700,94.314,228.112
30.76547350,103.98487400,94.880,232.475
30.76545733,103.98489217,94.880,234.637
30.76545733,103.98489233,94.899,234.363
30.76545750,103.98489233,94.929,234.553
30.76545800,103.98489250,94.941,234.586
30.76545833,103.98489300,94.933,234.565
30.76545867,103.98489333,94.915,234.560
30.76545917,103.98489383,94.932,234.510
30.76545967,103.98489417,94.927,234.526
30.76546033,103.98489450,94.912,234.526
30.76546067,103.98489483,94.915,234.550
30.76546133,103.98489550,94.897,234.547
30.76546183,103.98489583,94.884,234.550
30.76546250,103.98489633,94.852,234.561
30.76545967,103.98488817,94.905,234.561
30.76545650,103.98488133,94.938,234.522
30.76545467,103.98487733,94.966,234.522
30.76545317,103.98487500,94.942,234.536
30.76545233,103.98487400,94.830,234.598
30.76545183,103.98487367,95.012,234.488
30.76545100,103.98487383,94.829,234.580
30.76545067,103.98487433,94.987,234.512
30.76544967,103.98487533,94.829,234.574
30.76544867,103.98487800,94.885,234.543
30.76544850,103.98488083,95.005,234.482
30.76544900,103.98488367,94.938,234.536
30.76544933,103.98488567,94.950,234.518
30.76545067,103.98488783,94.921,234.527
30.76545167,103.98488933,94.909,234.533
30.76545100,103.98489383,94.932,234.977
30.76543433,103.98492117,94.669,238.793
30.76541650,103.98495567,94.289,242.410
30.76539383,103.98498917,93.811,246.614
30.76536417,103.98502283,93.957,251.288
30.76533167,103.98505067,94.286,255.978
30.76529867,103.98508133,94.331,260.891
30.76526583,103.98511617,94.337,265.725
30.76523467,103.98515217,94.195,270.457
30.76520283,103.98518400,94.465,274.980
30.76516633,103.98521800,94.930,280.297
30.76512833,103.98525133,95.464,285.495
30.76509217,103.98528800,95.452,290.819
30.76505667,103.98532533,95.884,295.947
30.76502250,103.98536300,95.989,301.563
30.76498633,103.98539833,96.571,306.498
30.76494750,103.98542967,97.669,311.570
30.76490317,103.98545633,99.316,316.646
30.76486217,103.98548117,100.391,321.617
30.76482450,103.98551383,101.256,326.801
30.76478650,103.98554600,101.918,331.867
30.76474717,103.98557750,103.022,336.970
30.76470600,103.98560400,104.445,341.892
30.76466467,103.98562717,106.520,346.809
30.76462183,103.98564933,108.326,351.912
30.76458067,103.98567583,109.583,357.028
30.76453950,103.98570283,111.111,361.929
30.76449583,103.98572467,113.224,366.584
30.76445183,103.98574217,115.080,371.706
30.76440983,103.98576767,116.793,377.159
30.76436717,103.98579250,118.524,381.819
30.76432233,103.98581167,120.770,386.450
30.76427850,103.98583267,122.669,391.301
30.76423533,103.98585633,124.347,396.591
30.76419583,103.98588300,125.259,401.465
30.76416600,103.98592333,124.620,406.596
30.76415067,103.98596900,122.327,410.148
30.76415650,103.98601183,118.875,411.842
30.76418633,103.98605250,113.619,411.906
30.76422333,103.98609650,108.336,411.982
30.76425567,103.98614400,103.199,412.648
30.76428700,103.98619000,97.938,413.274
30.76431583,103.98623533,92.805,413.637
30.76434683,103.98627900,87.385,413.980
30.76437450,103.98632417,81.824,414.483
30.76440517,103.98636567,76.703,414.195
30.76444133,103.98640317,71.463,414.132
30.76447433,103.98644433,66.025,414.575
30.76450683,103.98648517,60.923,414.730
30.76453683,103.98652767,55.645,415.527
30.76456783,103.98657017,50.132,415.818
30.76460367,103.98660767,44.961,415.592
30.76463667,103.98664717,39.438,415.889
30.76466633,103.98669000,34.457,416.390
30.76469683,103.98673233,29.031,416.443
30.76472683,103.98677433,23.757,416.646
30.76475567,103.98681717,18.504,417.295
30.76478550,103.98685900,13.107,417.561
30.76482017,103.98689800,8.035,417.528
30.76484950,103.98694183,2.812,418.106
30.76487983,103.98698433,-2.514,418.577
30.76491217,103.98702533,-7.651,418.720
30.76494550,103.98706533,-12.996,418.944
30.76497650,103.98710667,-18.351,419.307
30.76500683,103.98714917,-23.425,419.817
30.76503500,103.98719233,-28.814,420.344
30.76506467,103.98723483,-34.094,420.243
30.76509683,103.98727450,-39.548,420.414
30.76512733,103.98731600,-44.695,420.943
30.76515717,103.98735867,-49.828,421.474
30.76518633,103.98740133,-55.125,422.065
30.76521500,103.98744600,-60.345,422.066
30.76525117,103.98747950,-65.457,420.504
30.76530050,103.98748550,-69.068,416.854
30.76534300,103.98746133,-70.344,412.007
30.76538167,103.98742217,-70.646,406.813
30.76541467,103.98737717,-70.430,401.674
30.76544983,103.98733600,-70.650,396.249
30.76548600,103.98729983,-71.481,391.105
30.76552200,103.98726383,-72.168,385.844
30.76556233,103.98725100,-75.512,382.700
30.76559500,103.98727683,-79.723,382.456
30.76561983,103.98730833,-83.755,382.519
30.76564500,103.98733367,-87.559,382.071
30.76566933,103.98735483,-91.085,381.622
30.76569233,103.98738033,-94.851,381.604
30.76571517,103.98740783,-98.358,381.845
30.76573650,103.98744100,-102.296,382.442
30.76575683,103.98747917,-106.434,383.417
30.76577583,103.98751583,-110.473,384.268
30.76579517,103.98755083,-114.135,385.459
30.76579117,103.98758983,-115.633,388.821
30.76576783,103.98761867,-115.289,392.490
30.76573450,103.98764083,-114.174,396.599
30.76570150,103.98767167,-113.725,401.508
30.76566800,103.98771017,-113.640,406.984
30.76563200,103.98774667,-113.078,411.929
30.76559367,103.98778267,-112.488,417.354
30.76555667,103.98781783,-112.092,422.702
30.76552383,103.98785600,-112.256,427.956
30.76548883,103.98789283,-112.024,433.391
30.76545100,103.98792767,-111.386,438.528
30.76541367,103.98796317,-110.989,443.853
30.76538017,103.98800067,-111.046,449.052
30.76534450,103.98803567,-110.592,454.359
30.76530667,103.98806900,-110.074,459.637
30.76527733,103.98811200,-111.186,464.656
30.76526233,103.98816350,-114.048,468.935
30.76527217,103.98821517,-118.778,470.895
30.76529817,103.98825950,-124.179,471.995
30.76533167,103.98829933,-129.264,472.127
30.76536683,103.98833783,-134.451,472.148
30.76539833,103.98837900,-139.853,472.605
30.76542667,103.98842300,-144.984,473.243
30.76545783,103.98846517,-150.344,473.546
30.76549167,103.98850533,-155.664,473.531
30.76552383,103.98854600,-161.015,473.910
30.76555333,103.98858933,-166.224,474.521
30.76558317,103.98863333,-171.379,474.994
30.76561567,103.98867300,-176.766,474.998
30.76564883,103.98871233,-182.088,474.992
30.76568433,103.98874567,-187.130,474.348
30.76571750,103.98877700,-191.847,474.136
30.76574900,103.98881267,-196.639,474.192
30.76578100,103.98884817,-201.304,474.321
30.76581567,103.98888100,-206.366,473.739
30.76584650,103.98890700,-210.512,472.912
30.76587783,103.98891400,-213.258,469.893
30.76591517,103.98889767,-215.117,465.312
30.76595717,103.98887250,-216.799,460.343
30.76599983,103.98885200,-218.819,455.412
30.76604000,103.98882600,-220.318,450.343
30.76608200,103.98880200,-222.285,445.449
30.76612383,103.98878383,-224.391,441.111
30.76615483,103.98876617,-225.348,437.337
30.76617617,103.98874167,-224.869,434.244
30.76618233,103.98870883,-222.518,431.957
30.76617350,103.98867183,-219.116,430.645
30.76615300,103.98863967,-215.035,430.576
30.76612317,103.98860950,-210.810,431.056
30.76608883,103.98858100,-206.146,431.852
30.76605867,103.98854883,-201.782,431.956
30.76603017,103.98852050,-197.563,431.878
30.76600050,103.98849000,-193.027,431.980
30.76597033,103.98845117,-187.952,431.647
30.76594183,103.98840750,-182.843,430.815
30.76591533,103.98836167,-177.758,429.838
30.76588417,103.98831767,-172.417,429.226
30.76585417,103.98827367,-167.223,428.266
30.76583017,103.98822617,-162.080,427.319
30.76579883,103.98818383,-156.577,426.959
30.76576333,103.98814567,-151.332,426.953
30.76573217,103.98810400,-145.818,426.438
30.76570283,103.98806067,-140.652,425.564
30.76566983,103.98801917,-135.325,425.413
30.76564050,103.98797533,-129.914,424.679
30.76561167,103.98792983,-124.560,424.199
30.76558567,103.98788233,-119.554,422.994
30.76557233,103.98782983,-114.844,420.404
30.76558150,103.98778067,-112.985,416.344
30.76560200,103.98773917,-112.240,411.786
30.76563067,103.98770283,-112.369,407.236
30.76566567,103.98766983,-113.009,402.149
30.76569783,103.98764233,-113.330,397.662
30.76572450,103.98760800,-113.076,393.092
30.76573883,103.98759383,-113.210,391.426
30.76574133,103.98759417,-113.198,391.447
30.76574367,103.98759467,-113.202,391.402
30.76574650,103.98759467,-113.194,391.416
30.76574617,103.98759417,-113.208,391.429
30.76574667,103.98759467,-113.198,391.441
30.76574750,103.98759517,-113.202,391.431
30.76574833,103.98759583,-113.188,391.438
30.76574900,103.98759633,-113.193,391.442
30.76574983,103.98759700,-113.199,391.448
30.76575017,103.98759750,-113.190,391.427
30.76575050,103.98759767,-113.176,391.415
30.76575050,103.98759767,-113.187,391.449
30.76575050,103.98759733,-113.210,391.453
30.76575067,103.98759717,-113.171,391.417
30.76575050,103.98759667,-113.205,391.442
30.76575033,103.98759633,-113.182,391.430
30.76574983,103.98759567,-113.208,391.454
30.76574917,103.98759500,-113.199,391.447
30.76574833,103.98759433,-113.181,391.430
30.76574900,103.98759417,-113.198,391.434
30.76574867,103.98759367,-113.160,391.428
30.76574867,103.98759317,-113.182,391.433
30.76574867,103.98759267,-113.231,391.429
30.76575483,103.98758583,-113.282,390.330
30.76578167,103.98756450,-114.255,386.222
30.76581267,103.98754150,-114.831,382.205
30.76583950,103.98751233,-114.906,378.191
30.76586633,103.98747767,-115.111,373.538
30.76589833,103.98744583,-115.750,368.607
30.76593083,103.98741383,-116.009,363.873
30.76596383,103.98738067,-116.228,359.042
30.76599783,103.98735167,-116.729,354.369
30.76603133,103.98731950,-116.964,349.275
30.76606367,103.98728183,-117.065,344.150
30.76609867,103.98724533,-117.230,338.823
30.76613167,103.98721017,-117.729,333.767
30.76616817,103.98718233,-118.947,329.007
30.76620533,103.98716317,-121.178,325.050
30.76624533,103.98717400,-125.197,323.599
30.76627667,103.98720833,-129.988,323.967
30.76630767,103.98725017,-135.028,324.281
30.76634017,103.98729017,-140.392,324.589
30.76637250,103.98733100,-145.617,324.874
30.76640483,103.98737150,-150.769,325.091
30.76643750,103.98741150,-156.011,325.006
30.76646917,103.98745150,-161.239,325.257
30.76650050,103.98749300,-166.602,325.594
30.76653300,103.98753383,-171.808,326.086
30.76656650,103.98757267,-177.259,326.276
30.76660200,103.98760983,-182.359,326.149
30.76663567,103.98764950,-187.596,326.337
30.76666850,103.98769083,-193.010,326.091
30.76670017,103.98773267,-198.494,326.338
30.76673083,103.98777517,-203.772,326.874
30.76676033,103.98781900,-208.929,327.247
30.76679000,103.98786217,-214.198,327.900
30.76681433,103.98790967,-219.260,329.315
30.76683883,103.98795817,-224.298,330.613
30.76686650,103.98800383,-229.726,331.021
30.76690250,103.98804100,-234.860,330.881
30.76693433,103.98808067,-240.204,331.193
30.76696367,103.98812367,-245.414,331.712
30.76699583,103.98816533,-250.723,331.960
30.76702650,103.98821100,-256.198,332.813
30.76704800,103.98825950,-260.695,335.166
30.76704750,103.98830917,-263.167,338.689
30.76702533,103.98834017,-262.536,342.505
30.76698567,103.98836433,-260.943,347.216
30.76694300,103.98838617,-258.881,351.993
30.76689883,103.98840617,-256.815,356.796
30.76685367,103.98842550,-254.514,361.537
30.76681067,103.98844883,-252.678,366.516
30.76676783,103.98847133,-250.724,371.403
30.76672450,103.98849400,-248.770,376.340
30.76668083,103.98851550,-246.779,381.158
30.76663667,103.98853683,-244.766,386.102
30.76659400,103.98856083,-242.979,391.189
30.76655017,103.98858183,-240.913,395.856
30.76650650,103.98860333,-239.002,400.864
30.76646367,103.98862767,-237.172,405.856
30.76641933,103.98864783,-234.936,410.723
30.76637500,103.98866783,-232.991,415.607
30.76633217,103.98869317,-231.614,420.586
30.76629017,103.98871800,-229.705,425.498
30.76624333,103.98872350,-225.931,429.205
30.76619817,103.98870533,-222.040,430.619
30.76616233,103.98867100,-216.844,430.888
30.76612533,103.98863783,-211.870,431.565
30.76608917,103.98860217,-206.466,432.021
30.76605583,103.98856250,-201.330,431.951
30.76602450,103.98852200,-196.009,431.833
30.76599283,103.98848100,-190.652,431.515
30.76596183,103.98843883,-185.444,430.978
30.76593400,103.98839500,-180.182,430.254
30.76590667,103.98835100,-175.034,429.301
30.76587917,103.98830667,-169.902,428.507
30.76584800,103.98826450,-164.543,428.325
30.76581833,103.98822100,-159.142,427.744
30.76578550,103.98817667,-153.829,427.511
30.76575233,103.98813133,-148.673,426.974
30.76572133,103.98808667,-143.263,426.076
30.76569150,103.98804067,-137.929,425.641
30.76565983,103.98799667,-132.630,425.142
30.76562717,103.98795517,-127.238,425.040
30.76559600,103.98791233,-121.968,424.604
30.76557450,103.98786333,-117.286,422.380
30.76556933,103.98781033,-113.786,418.629
30.76559117,103.98776250,-113.041,413.555
30.76562600,103.98772583,-113.246,408.177
30.76565883,103.98769617,-113.901,403.227
30.76569117,103.98767067,-114.477,399.135
30.76572100,103.98763717,-114.245,394.399
30.76574900,103.98760483,-114.309,390.137
30.76578200,103.98757500,-115.061,385.372
30.76581950,103.98754383,-115.667,380.133
30.76585400,103.98750683,-115.593,374.882
30.76588850,103.98746800,-115.828,369.768
30.76592567,103.98743300,-116.330,364.595
30.76596433,103.98740017,-117.000,359.279
30.76600000,103.98736267,-117.121,353.886
30.76603300,103.98732300,-117.018,348.600
30.76606683,103.98728300,-117.005,343.185
30.76610300,103.98724633,-117.481,337.879
30.76614067,103.98721167,-117.760,332.583
30.76617350,103.98717167,-117.680,327.147
30.76621083,103.98713817,-118.375,321.930
30.76624867,103.98710433,-118.886,316.468
30.76628267,103.98706617,-118.853,311.339
30.76631867,103.98703217,-119.566,305.987
30.76635567,103.98699767,-119.932,300.837
30.76638917,103.98696017,-119.857,295.714
30.76642517,103.98692433,-120.378,290.610
30.76646467,103.98689517,-121.678,285.360
30.76650317,103.98686633,-122.298,280.435
30.76653533,103.98683300,-122.312,275.709
30.76656600,103.98679950,-122.552,271.195
30.76659833,103.98677017,-122.621,266.389
30.76663100,103.98673317,-122.335,261.062
30.76666200,103.98669383,-122.262,255.872
30.76669917,103.98666100,-123.027,250.526
30.76673650,103.98663050,-124.138,245.688
30.76677617,103.98659767,-124.309,240.153
30.76681100,103.98655750,-124.281,234.959
30.76684267,103.98651517,-124.063,229.607
30.76687917,103.98647850,-124.669,224.215
30.76691517,103.98644250,-124.990,218.710
30.76695000,103.98640500,-125.406,213.673
30.76698950,103.98637317,-126.031,208.568
30.76702467,103.98633917,-125.801,203.344
30.76705550,103.98629950,-125.609,197.970
30.76709283,103.98626783,-126.552,192.880
30.76713417,103.98624017,-127.529,187.796
30.76717133,103.98620933,-128.062,182.657
30.76720700,103.98618150,-129.265,178.097
30.76724667,103.98617467,-132.433,175.118
30.76728117,103.98619067,-136.471,174.213
30.76731000,103.98622017,-140.862,174.146
30.76733983,103.98625933,-146.080,174.745
30.76736767,103.98630233,-151.500,175.477
30.76739950,103.98634183,-156.777,175.611
30.76742983,103.98638133,-161.708,175.976
30.76745983,103.98642150,-167.010,176.661
30.76749067,103.98646267,-172.239,176.876
30.76752100,103.98650417,-177.527,177.222
30.76754700,103.98654683,-182.557,178.163
30.76757367,103.98658667,-187.666,178.539
30.76760633,103.98662367,-192.508,178.693
30.76763350,103.98666533,-197.429,179.252
30.76766300,103.98670333,-202.339,179.250
30.76769450,103.98673617,-207.139,178.803
30.76772567,103.98677167,-212.176,178.991
30.76775200,103.98681183,-217.203,179.670
30.76777400,103.98685267,-221.818,180.618
30.76780150,103.98688900,-226.537,180.872
30.76782867,103.98692450,-231.140,181.009
30.76785400,103.98695700,-235.079,181.259
30.76787617,103.98698417,-238.825,181.381
30.76789767,103.98700850,-241.867,181.424
30.76791733,103.98703433,-245.399,181.734
30.76792850,103.98704917,-246.698,181.769
30.76793983,103.98706150,-248.442,181.627
30.76795983,103.98707933,-251.396,181.237
30.76798583,103.98710083,-254.903,181.186
30.76800950,103.98712917,-258.223,181.638
30.76802883,103.98716617,-262.335,182.497
30.76805100,103.98720183,-266.884,183.258
30.76807900,103.98723867,-271.944,183.748
30.76811150,103.98727867,-276.955,184.081
30.76814183,103.98731983,-282.204,184.436
30.76817183,103.98736033,-287.332,184.936
30.76820500,103.98740000,-292.629,185.064
30.76823717,103.98744050,-297.889,185.627
30.76826683,103.98748083,-302.936,185.998
30.76829600,103.98752283,-308.160,186.667
30.76832500,103.98756417,-313.176,187.042
30.76835100,103.98760167,-317.737,187.645
30.76835950,103.98764217,-320.538,190.731
30.76834750,103.98768200,-321.930,194.347
30.76831933,103.98771617,-321.282,198.885
30.76828000,103.98774300,-319.638,203.623
30.76823700,103.98776417,-317.727,208.724
30.76819683,103.98779317,-316.607,213.926
30.76815517,103.98782033,-314.966,218.820
30.76811150,103.98784050,-312.670,223.565
30.76806717,103.98785917,-310.500,228.404
30.76802317,103.98787983,-308.242,233.160
30.76797733,103.98789317,-305.471,237.658
30.76793283,103.98791017,-303.207,242.437
30.76788967,103.98793217,-301.174,247.444
30.76784617,103.98794817,-298.696,252.003
30.76780250,103.98796100,-296.340,256.783
30.76776017,103.98798183,-294.481,261.965
30.76771500,103.98799917,-292.135,266.666
30.76767000,103.98801817,-290.210,271.455
30.76762650,103.98804217,-288.493,276.448
30.76758333,103.98806350,-286.383,281.266
30.76753933,103.98808033,-283.979,286.077
30.76749667,103.98810283,-282.185,291.138
30.76745550,103.98813050,-280.582,296.013
30.76741150,103.98815283,-278.563,300.883
30.76736583,103.98817233,-276.272,305.685
30.76732117,103.98819200,-274.180,310.632
30.76727900,103.98821733,-272.613,315.671
30.76723583,103.98824083,-270.769,320.537
30.76719133,103.98825983,-268.303,325.176
30.76714383,103.98826317,-264.381,328.642
30.76710200,103.98823883,-259.301,329.596
30.76706467,103.98820583,-256.602,329.353
30.76702883,103.98817167,-251.316,330.157
30.76699167,103.98814233,-246.553,330.746
30.76697433,103.98811967,-244.026,330.181
30.76695300,103.98808417,-239.520,329.866
30.76691983,103.98804500,-234.226,329.885
30.76688850,103.98800383,-228.911,329.383
30.76686083,103.98795883,-223.705,328.563
30.76683283,103.98791700,-218.675,327.863
30.76680683,103.98787267,-213.518,327.163
30.76677950,103.98783383,-208.614,326.663
30.76675383,103.98779883,-204.129,326.480
30.76672283,103.98776117,-199.105,326.285
30.76669467,103.98771867,-194.067,325.434
30.76666650,103.98767500,-188.834,324.731
30.76663483,103.98763533,-183.744,324.654
30.76660183,103.98759483,-178.403,324.089
30.76657033,103.98755183,-173.175,323.326
30.76653667,103.98751117,-167.683,323.384
30.76650217,103.98747633,-162.437,323.721
30.76646767,103.98743800,-157.230,323.614
30.76643750,103.98739400,-151.887,322.913
30.76640817,103.98735067,-146.658,322.643
30.76637483,103.98731167,-141.252,322.524
30.76634333,103.98727117,-135.989,321.855
30.76631300,103.98722983,-130.817,321.626
30.76628817,103.98718283,-125.645,320.680
30.76628283,103.98712733,-122.010,317.023
30.76630550,103.98708133,-121.152,312.019
30.76633450,103.98704500,-121.503,307.566
30.76637183,103.98701950,-122.750,303.274
30.76639683,103.98699817,-123.171,300.101
30.76639967,103.98699633,-123.193,300.306
30.76640100,103.98699767,-123.214,300.196
30.76639967,103.98699750,-123.222,300.175
30.76639700,103.98699783,-123.229,300.184
30.76639550,103.98699733,-123.203,300.209
30.76639433,103.98699650,-123.188,300.208
30.76639450,103.98699517,-123.173,300.190
30.76639400,103.98699567,-123.197,300.215
30.76639317,103.98699517,-123.184,300.192
30.76639317,103.98699433,-123.196,300.207
30.76639400,103.98699317,-123.200,300.206
30.76639467,103.98699200,-123.191,300.203
30.76639467,103.98699150,-123.203,300.224
30.76639550,103.98699133,-123.174,300.190
30.76639550,103.98699167,-123.226,300.221
30.76639467,103.98699267,-123.183,300.196
30.76639517,103.98699300,-123.161,300.176
30.76639500,103.98699367,-122.981,300.088
30.76639450,103.98699383,-123.044,300.171
30.76639600,103.98699617,-123.293,300.310
30.76639983,103.98699817,-123.392,300.303
30.76640033,103.98700017,-123.728,300.440
30.76639983,103.98700133,-123.229,300.220
30.76639883,103.98700117,-123.181,300.195
30.76639867,103.98700217,-123.214,300.214
30.76639717,103.98700300,-123.183,300.199
30.76639733,103.98700367,-123.185,300.194
30.76639750,103.98700483,-123.185,300.197
30.76639900,103.98700583,-123.156,300.188
30.76640017,103.98700600,-123.179,300.195
30.76640117,103.98700633,-123.159,300.192
30.76640217,103.98700683,-123.109,300.179
30.76640300,103.98700750,-123.161,300.191
30.76640333,103.98700783,-123.196,300.211
30.76640350,103.98700817,-123.169,300.193
30.76640333,103.98700833,-123.145,300.193
30.76640383,103.98700867,-123.175,300.192
30.76640467,103.98700917,-123.200,300.213
30.76640683,103.98700950,-123.160,300.081
30.76642133,103.98699600,-123.409,297.693
30.76644667,103.98696383,-123.138,293.377
30.76646483,103.98693900,-122.845,290.726
30.76648267,103.98691100,-122.657,287.452
30.76650317,103.98688600,-122.761,284.340
30.76652967,103.98685733,-122.899,280.047
30.76656317,103.98682783,-123.503,275.014
30.76660083,103.98679850,-124.233,270.122
30.76663417,103.98676767,-123.681,265.560
30.76666050,103.98673000,-122.591,260.590
30.76668617,103.98669650,-122.718,255.944
30.76671633,103.98666150,-122.909,250.958
30.76674767,103.98662250,-122.860,245.676
30.76677933,103.98658317,-122.875,240.496
30.76681283,103.98654600,-122.882,235.512
30.76683500,103.98651500,-122.190,231.903
30.76683800,103.98650900,-121.937,231.615
30.76684000,103.98648067,-119.353,229.374
30.76682600,103.98645233,-116.030,229.436
30.76680217,103.98642250,-112.428,228.801
30.76678833,103.98638183,-108.435,226.898
30.76678000,103.98633533,-104.436,224.019
30.76677283,103.98628717,-100.642,221.446
30.76676100,103.98624750,-96.588,219.496
30.76674433,103.98621283,-92.409,218.493
30.76673267,103.98617650,-89.048,216.235
30.76674950,103.98613750,-88.574,211.972
30.76678000,103.98610417,-88.827,207.219
30.76681867,103.98607283,-89.504,202.274
30.76685933,103.98604317,-90.444,197.178
30.76689917,103.98601533,-91.541,192.223
30.76693350,103.98599183,-92.338,188.057
30.76696283,103.98596133,-92.406,183.512
30.76699150,103.98592567,-92.179,178.913
30.76702167,103.98590650,-94.330,175.686
30.76704967,103.98591550,-97.259,174.686
30.76706450,103.98591533,-97.412,172.457
30.76707000,103.98588967,-95.656,170.534
30.76705850,103.98586217,-92.695,169.868
30.76706383,103.98582983,-92.384,166.567
30.76709000,103.98580650,-92.896,163.120
30.76711550,103.98578550,-93.143,159.331
30.76713883,103.98575633,-93.081,154.877
30.76716400,103.98572283,-92.914,150.378
30.76719050,103.98569183,-92.952,146.237
30.76721950,103.98566267,-93.206,141.741
30.76724717,103.98563017,-93.173,137.330
30.76727867,103.98559767,-93.649,132.782
30.76730767,103.98556800,-93.995,128.705
30.76732383,103.98556033,-94.556,127.817
30.76732467,103.98555983,-94.685,127.715
30.76733500,103.98555800,-95.853,126.558
30.76736750,103.98557283,-99.682,125.394
30.76739717,103.98559867,-103.565,125.334
30.76742700,103.98563883,-108.626,125.992
30.76745300,103.98568217,-113.838,126.512
30.76748517,103.98572050,-118.991,126.457
30.76751750,103.98576000,-124.122,126.911
30.76754733,103.98580367,-129.392,127.436
30.76757967,103.98584333,-134.704,127.541
30.76761217,103.98588367,-140.029,127.960
30.76763983,103.98592833,-145.074,128.608
30.76767150,103.98596550,-150.150,128.367
30.76770367,103.98600533,-155.210,128.612
30.76773300,103.98604883,-160.533,129.448
30.76776067,103.98609417,-165.800,130.331
30.76778917,103.98613750,-170.977,131.164
30.76782267,103.98617700,-176.319,131.145
30.76785983,103.98621267,-181.758,130.563
30.76789200,103.98625333,-187.080,130.947
30.76792233,103.98629600,-192.278,131.472
30.76795300,103.98633817,-197.381,132.170
30.76798117,103.98638250,-202.621,133.036
30.76801250,103.98642300,-207.835,133.823
30.76804267,103.98646250,-213.256,134.000
30.76807317,103.98650267,-218.548,134.281
30.76810083,103.98654500,-223.688,134.698
30.76813317,103.98658300,-228.901,134.825
30.76816667,103.98661933,-234.387,134.979
30.76819667,103.98666150,-239.519,135.430
30.76822683,103.98670483,-244.850,135.762
30.76826067,103.98674517,-250.197,135.638
30.76829333,103.98678650,-255.345,135.814
30.76832333,103.98682967,-260.736,136.374
30.76835233,103.98687383,-265.995,136.869
30.76838467,103.98691450,-271.266,136.925
30.76841533,103.98695667,-276.431,137.301
30.76844850,103.98699617,-281.764,137.427
30.76847867,103.98703950,-286.899,137.968
30.76850883,103.98708233,-292.278,138.298
30.76854167,103.98712250,-297.675,138.283
30.76857217,103.98716400,-302.727,138.850
30.76860133,103.98720633,-307.977,139.352
30.76863300,103.98724733,-313.349,139.673
30.76866650,103.98728700,-318.499,139.618
30.76869967,103.98732867,-323.805,139.923
30.76873000,103.98737317,-329.055,140.499
30.76876133,103.98741517,-334.445,140.791
30.76877850,103.98746483,-338.499,143.455
30.76876383,103.98751633,-340.182,148.173
30.76872450,103.98754583,-338.488,152.979
30.76868050,103.98756800,-336.621,158.028
30.76863617,103.98758900,-334.411,162.781
30.76859267,103.98760967,-332.578,167.742
30.76854917,103.98763367,-330.688,172.642
30.76850517,103.98765367,-328.421,177.662
30.76846000,103.98767050,-325.847,182.201
30.76841900,103.98767300,-322.288,184.904
30.76838583,103.98765167,-318.288,185.728
30.76835583,103.98761517,-313.447,185.344
30.76832850,103.98757367,-308.456,184.964
30.76829350,103.98754067,-303.527,185.303
30.76826367,103.98750267,-298.540,184.822
30.76823700,103.98745933,-293.236,184.008
30.76821283,103.98742300,-288.086,183.570
30.76818267,103.98738783,-282.891,183.376
30.76815417,103.98734350,-277.557,182.821
30.76812067,103.98730333,-272.382,182.839
30.76808733,103.98726233,-267.034,182.222
30.76805683,103.98722050,-261.872,181.919
30.76802733,103.98717867,-256.433,181.636
30.76799533,103.98713683,-251.224,181.354
30.76796383,103.98709550,-246.086,181.127
30.76793283,103.98705417,-240.831,180.637
30.76790483,103.98700933,-235.639,179.720
30.76787650,103.98696883,-230.238,179.481
30.76784267,103.98693233,-225.008,179.562
30.76781483,103.98689317,-219.777,179.352
30.76778567,103.98685200,-214.507,178.859
30.76775367,103.98681067,-209.219,178.774
30.76771917,103.98677217,-203.804,178.721
30.76768767,103.98673283,-198.596,178.333
30.76765633,103.98668883,-193.152,177.803
30.76762233,103.98665017,-187.981,177.908
30.76758583,103.98661267,-182.737,177.534
30.76755517,103.98657383,-177.465,176.985
30.76752550,103.98653317,-172.182,176.835
30.76749200,103.98649300,-166.806,176.576
30.76745983,103.98645067,-161.649,176.360
30.76742783,103.98641033,-156.469,175.760
30.76739750,103.98636650,-151.108,175.368
30.76736967,103.98632033,-145.831,174.277
30.76733800,103.98627750,-140.538,173.918
30.76730517,103.98623667,-135.479,173.849
30.76728000,103.98619983,-131.183,173.283
30.76725350,103.98616417,-126.495,173.073
30.76722500,103.98612950,-121.716,173.131
30.76719633,103.98609500,-117.575,173.112
30.76716850,103.98605517,-112.626,172.608
30.76714517,103.98601350,-108.120,171.684
30.76712350,103.98597783,-103.972,171.189
30.76710050,103.98594417,-99.915,170.736
30.76708133,103.98591733,-96.974,170.308
30.76707383,103.98590533,-96.337,170.183
30.76707433,103.98590250,-96.267,170.337
30.76707500,103.98589300,-96.124,170.388
30.76707250,103.98588850,-96.171,170.294
30.76706883,103.98588450,-96.209,170.313
30.76706683,103.98588000,-96.240,170.285
30.76706567,103.98587633,-96.235,170.292
30.76706483,103.98587367,-96.220,170.304
30.76706467,103.98587200,-96.215,170.282
30.76706500,103.98587117,-96.232,170.290
30.76706483,103.98586900,-96.231,170.289
30.76706533,103.98586650,-96.217,170.295
30.76706583,103.98586517,-96.219,170.300
30.76706750,103.98586433,-96.227,170.289
30.76706867,103.98586367,-96.221,170.292
30.76707000,103.98586367,-96.220,170.293
30.76707050,103.98586350,-96.224,170.281
30.76707183,103.98586283,-96.221,170.288
30.76707283,103.98586283,-96.214,170.298
30.76707383,103.98586283,-96.219,170.294
30.76707467,103.98586317,-96.230,170.290
30.76707517,103.98586333,-96.218,170.299
30.76707500,103.98586317,-96.231,170.290
30.76707433,103.98586267,-96.223,170.273
30.76707400,103.98586150,-96.229,170.296
30.76707167,103.98585883,-95.868,170.251
30.76706033,103.98583850,-93.450,169.755
30.76705717,103.98583350,-93.330,169.794
30.76705133,103.98582583,-92.498,169.169
30.76705217,103.98580933,-92.071,167.611
30.76705450,103.98580200,-91.975,167.147
30.76705400,103.98580217,-92.112,167.005
30.76705350,103.98580300,-92.052,167.040
30.76705333,103.98580350,-92.110,167.057
30.76705367,103.98580300,-92.049,167.062
30.76705383,103.98580233,-92.024,167.069
30.76705367,103.98580117,-92.002,167.060
30.76705383,103.98580067,-92.056,167.069
30.76705500,103.98580150,-92.000,167.060
30.76705583,103.98580200,-92.015,167.070
30.76705633,103.98580233,-92.028,167.058
30.76705650,103.98580267,-91.995,167.045
30.76705567,103.98580250,-91.833,167.046
30.76705500,103.98580233,-92.145,167.078
30.76705400,103.98580167,-92.056,167.068
30.76705300,103.98580133,-92.082,167.063
30.76705200,103.98580067,-92.040,167.064
30.76705167,103.98579983,-91.956,167.073
30.76705200,103.98579933,-92.048,167.065
30.76705317,103.98580050,-91.995,167.062
30.76705483,103.98580150,-91.953,167.071
30.76705617,103.98580233,-91.984,167.061
30.76705700,103.98580217,-92.048,167.067
30.76705767,103.98580217,-92.017,167.055
30.76705833,103.98580167,-91.991,167.055
30.76705833,103.98580183,-92.113,167.071
30.76705800,103.98580250,-91.937,167.065
30.76705717,103.98580350,-92.049,167.063
30.76705650,103.98580283,-91.990,167.062
30.76705600,103.98580200,-91.993,167.066
30.76705500,103.98580100,-92.121,167.068
30.76705400,103.98580017,-92.107,167.061
30.76705350,103.98579983,-91.880,167.072
30.76705267,103.98579983,-92.009,167.064
30.76705167,103.98579950,-91.910,167.081
30.76705117,103.98579900,-92.006,167.057
30.76705067,103.98579833,-92.065,167.056
30.76704917,103.98579733,-91.913,167.059
30.76704850,103.98579633,-92.019,167.084
30.76704833,103.98579583,-92.085,167.071
30.76704800,103.98579483,-92.309,166.994
30.76705267,103.98578833,-92.031,166.142
30.76705700,103.98578633,-91.895,165.740
30.76706950,103.98576883,-92.017,163.316
30.76708717,103.98575083,-92.139,160.626
30.76710733,103.98573367,-92.621,157.936
30.76712817,103.98571483,-92.906,155.048
30.76714567,103.98569750,-93.214,152.289
30.76716050,103.98568133,-93.517,150.079
30.76717567,103.98566450,-93.584,147.498
30.76719150,103.98564467,-93.775,144.782
30.76720783,103.98562817,-93.852,142.267
30.76722633,103.98561283,-94.004,139.773
30.76724550,103.98559917,-94.433,137.381
30.76726200,103.98558250,-94.504,134.897
30.76726333,103.98558000,-94.361,135.064
30.76726300,103.98557833,-94.262,134.974
30.76726300,103.98557783,-94.103,134.941
30.76726383,103.98557767,-94.434,134.987
30.76726467,103.98557800,-94.213,134.958
30.76726533,103.98557850,-94.332,134.980
30.76726617,103.98557900,-94.380,134.983
30.76726717,103.98557950,-94.338,134.981
30.76728000,103.98556933,-94.188,133.005
30.76729433,103.98555300,-94.167,130.921
30.76730817,103.98553583,-94.001,128.732
30.76731150,103.98553400,-93.894,128.822
30.76731783,103.98552867,-94.068,128.092
30.76733250,103.98552500,-95.543,126.861
30.76735150,103.98553317,-97.711,126.293
30.76736950,103.98555167,-100.369,126.333
30.76738950,103.98557433,-103.473,126.265
30.76741267,103.98560200,-107.322,126.423
30.76743600,103.98563167,-110.986,126.612
30.76745650,103.98566317,-114.487,126.847
30.76748050,103.98569233,-118.395,126.745
30.76750717,103.98572083,-122.491,126.592
30.76752817,103.98574983,-126.113,126.954
30.76754800,103.98578433,-130.349,127.518
30.76756767,103.98581417,-133.778,127.592
30.76758867,103.98584167,-137.385,127.866
30.76760867,103.98586850,-140.928,128.264
30.76762717,103.98589867,-144.493,128.839
30.76764783,103.98592700,-148.277,129.199
30.76767100,103.98595467,-151.870,129.077
30.76770033,103.98598633,-156.320,128.992
30.76772883,103.98602000,-160.813,129.155
30.76775583,103.98605683,-165.292,129.684
30.76777783,103.98609600,-169.728,130.508
30.76780417,103.98613467,-174.417,131.194
30.76783200,103.98617167,-179.174,131.366
30.76786300,103.98620617,-184.021,131.319
30.76789317,103.98624417,-188.890,131.695
30.76792067,103.98628467,-193.735,132.342
30.76794650,103.98632250,-198.396,132.857
30.76797617,103.98636017,-203.415,132.837
30.76800650,103.98639550,-207.981,133.141
30.76803467,103.98643800,-213.049,133.392
30.76806733,103.98647450,-218.066,133.418
30.76809633,103.98651367,-223.192,133.963
30.76812450,103.98655267,-228.034,134.037
30.76815367,103.98659400,-232.977,134.620
30.76817867,103.98663600,-237.921,135.424
30.76820817,103.98667350,-242.794,135.446
30.76824083,103.98671117,-247.975,135.657
30.76827067,103.98675000,-252.864,135.763
30.76830167,103.98678950,-258.201,135.906
30.76833250,103.98682850,-263.317,136.140
30.76836250,103.98687117,-268.410,136.757
30.76839333,103.98691200,-273.713,137.184
30.76842650,103.98695200,-278.853,137.143
30.76845867,103.98699433,-283.990,137.492
30.76849183,103.98703450,-289.318,137.509
30.76852483,103.98707517,-294.655,137.938
30.76855383,103.98711717,-299.806,138.609
30.76858483,103.98715867,-305.059,138.752
30.76861983,103.98719567,-310.352,138.604
30.76865417,103.98723400,-315.556,139.087
30.76868517,103.98727433,-320.688,139.197
30.76871617,103.98731667,-326.197,139.061
30.76874617,103.98735833,-331.405,139.497
30.76877650,103.98739400,-336.046,139.230
30.76880033,103.98741283,-339.024,138.416
30.76882700,103.98742217,-341.655,136.649
30.76885733,103.98742683,-344.183,134.250
30.76888500,103.98742483,-346.093,131.952
30.76891883,103.98742050,-348.541,128.576
30.76895000,103.98741167,-350.130,125.329
30.76898433,103.98739367,-351.386,121.570
30.76901867,103.98737117,-352.581,117.252
30.76905350,103.98735100,-354.110,113.190
30.76909167,103.98733633,-356.224,109.016
30.76912883,103.98732083,-358.038,104.704
30.76916483,103.98730150,-359.486,100.975
30.76920283,103.98728200,-361.065,96.425
30.76924117,103.98726133,-362.596,92.171
30.76928017,103.98724467,-364.736,87.546
30.76931983,103.98722533,-366.363,83.009
30.76935917,103.98720150,-367.834,78.638
30.76940000,103.98717967,-369.616,73.694
30.76944100,103.98715750,-371.386,68.863
30.76948083,103.98714117,-373.461,64.753
30.76951250,103.98712917,-374.944,61.522
30.76955133,103.98710800,-376.538,56.808
30.76958883,103.98708767,-378.224,52.592
30.76962917,103.98706983,-380.149,48.048
30.76966667,103.98704867,-381.473,43.432
30.76970517,103.98702817,-383.193,39.227
30.76974367,103.98700817,-384.644,34.878
30.76977817,103.98698300,-385.441,30.366
30.76980917,103.98694833,-385.364,25.644
30.76983583,103.98690850,-384.643,20.764
30.76985983,103.98686467,-383.421,15.837
30.76988200,103.98681733,-382.091,10.872
30.76990633,103.98677983,-381.894,6.418
30.76993583,103.98674883,-382.413,1.850
30.76997000,103.98672250,-383.471,-2.762
30.77000567,103.98669600,-384.601,-7.415
30.77004133,103.98667000,-385.763,-12.062
30.77007900,103.98664483,-387.130,-16.454
30.77011817,103.98662467,-389.010,-20.800
30.77015967,103.98660867,-391.411,-25.149
30.77019950,103.98659300,-393.244,-29.254
30.77023467,103.98656950,-394.154,-33.679
30.77026300,103.98653567,-393.644,-37.990
30.77028150,103.98649417,-392.133,-42.218
30.77029067,103.98644883,-389.444,-46.068
30.77029000,103.98640033,-385.842,-48.898
30.77027817,103.98635600,-381.873,-50.830
30.77025600,103.98630917,-376.911,-52.619
30.77023917,103.98625933,-372.432,-54.840
30.77022550,103.98620667,-367.706,-57.295
30.77020850,103.98615517,-362.975,-59.370
30.77019300,103.98610367,-358.175,-61.469
30.77017717,103.98605183,-353.129,-63.578
30.77015517,103.98600283,-348.121,-64.908
30.77013283,103.98595400,-342.973,-66.533
30.77011400,103.98590333,-338.088,-68.479
30.77009383,103.98585167,-333.122,-69.958
30.77007050,103.98579983,-327.841,-71.523
30.77005217,103.98574583,-322.832,-73.323
30.77003200,103.98569233,-318.064,-75.292
30.77001633,103.98564217,-313.194,-77.498
30.77000117,103.98558967,-308.380,-79.699
30.76998383,103.98553900,-303.499,-81.644
30.76997500,103.98548767,-299.285,-84.313
30.76996117,103.98543650,-294.549,-86.388
30.76994167,103.98538900,-289.618,-88.050
30.76992083,103.98533983,-284.544,-89.276
30.76990250,103.98529283,-279.679,-91.159
30.76988733,103.98524400,-275.209,-93.243
30.76987617,103.98519283,-270.985,-95.856
30.76986983,103.98514083,-266.928,-98.903
30.76986717,103.98508833,-263.192,-102.379
30.76986983,103.98504183,-260.351,-106.225
30.76988717,103.98500017,-259.065,-110.468
30.76990533,103.98495883,-257.394,-114.566
30.76991067,103.98493683,-256.773,-115.608
30.76991400,103.98491700,-255.167,-117.686
30.76991367,103.98489400,-253.457,-118.728
30.76990517,103.98487417,-251.360,-119.169
30.76988950,103.98484767,-248.178,-119.520
30.76988317,103.98483817,-247.301,-119.939
30.76987783,103.98482133,-245.508,-120.840
30.76986583,103.98478783,-242.157,-122.135
30.76985217,103.98475367,-238.717,-123.488
30.76983817,103.98471900,-235.194,-124.802
30.76982233,103.98467967,-231.064,-126.320
30.76980983,103.98464350,-227.688,-127.574
30.76979350,103.98460817,-223.954,-128.872
30.76977883,103.98456683,-220.006,-130.420
30.76976633,103.98453317,-216.696,-131.143
30.76974533,103.98452133,-214.336,-129.805
30.76972717,103.98451717,-212.868,-128.291
30.76970900,103.98452300,-212.148,-126.276
30.76969417,103.98453350,-211.829,-124.540
30.76969233,103.98453517,-211.837,-124.216
30.76967133,103.98454967,-210.663,-121.013
30.76965050,103.98455350,-208.944,-120.152
30.76963217,103.98453450,-206.003,-120.589
30.76961700,103.98450017,-202.406,-121.832
30.76960217,103.98445783,-198.304,-123.656
30.76958700,103.98440700,-193.568,-125.728
30.76956717,103.98435750,-188.564,-127.412
30.76954900,103.98430683,-183.684,-129.251
30.76952500,103.98425917,-178.581,-130.328
30.76949683,103.98421550,-173.338,-130.589
30.76946050,103.98418083,-168.183,-129.725
30.76941967,103.98415317,-163.086,-128.081
30.76937600,103.98413233,-158.319,-125.774
30.76933017,103.98411967,-154.051,-122.842
30.76928367,103.98410917,-149.611,-119.939
30.76923800,103.98409467,-145.163,-117.209
30.76919233,103.98407967,-140.656,-114.568
30.76914617,103.98406567,-136.253,-111.765
30.76909933,103.98405650,-132.161,-108.496
30.76905217,103.98405033,-128.076,-105.132
30.76900633,103.98403683,-123.472,-102.515
30.76896000,103.98402433,-119.235,-99.530
30.76891300,103.98401817,-115.155,-96.013
30.76886700,103.98400700,-110.638,-93.196
30.76882300,103.98400433,-107.622,-89.428
30.76878517,103.98402083,-106.326,-85.152
30.76875083,103.98405050,-105.903,-80.212
30.76871850,103.98408450,-105.816,-75.140
30.76868450,103.98411900,-105.884,-70.331
30.76865000,103.98415233,-105.823,-65.316
30.76861550,103.98418783,-105.763,-60.271
30.76857883,103.98421983,-105.301,-55.278
30.76854083,103.98424750,-104.413,-50.196
30.76850683,103.98427883,-104.149,-44.986
30.76847117,103.98431483,-103.806,-39.881
30.76843117,103.98434517,-102.481,-34.422
30.76839083,103.98437233,-101.710,-29.534
30.76835717,103.98440600,-101.838,-24.715
30.76832667,103.98444600,-102.154,-19.875
30.76829400,103.98448250,-101.944,-14.611
30.76826617,103.98451467,-102.270,-10.215
30.76823500,103.98454900,-101.891,-5.886
30.76819917,103.98457533,-100.528,-1.650
30.76815933,103.98457867,-97.165,1.348
30.76811983,103.98456200,-92.593,2.753
30.76808317,103.98452900,-87.393,3.418
30.76804883,103.98449217,-82.341,3.603
30.76801600,103.98445317,-77.108,3.618
30.76798117,103.98441533,-71.882,4.068
30.76794200,103.98438233,-66.711,4.884
30.76790500,103.98434583,-61.235,5.251
30.76787250,103.98430433,-56.033,4.894
30.76784333,103.98426017,-50.897,4.226
30.76781267,103.98421800,-45.444,4.013
30.76777767,103.98418017,-40.117,4.206
30.76774617,103.98413900,-34.773,3.820
30.76771400,103.98409767,-29.699,3.801
30.76767967,103.98405900,-24.539,3.881
30.76764767,103.98401850,-19.225,3.732
30.76761517,103.98397817,-13.888,3.696
30.76758483,103.98393667,-8.355,3.191
30.76756150,103.98390200,-4.861,2.957
30.76754783,103.98388567,-2.963,2.967
30.76754733,103.98388567,-3.095,2.990
30.76754933,103.98388700,-3.303,2.986
30.76754900,103.98388650,-3.333,2.983
30.76754800,103.98388583,-3.367,2.987
30.76754667,103.98388600,-3.337,2.978
30.76754650,103.98388583,-3.338,2.976
30.76754667,103.98388567,-3.348,2.982
30.76754800,103.98388467,-3.332,2.978
30.76754717,103.98388367,-3.340,2.977
30.76754700,103.98388317,-3.347,2.983
30.76754683,103.98388267,-3.329,2.986
30.76754867,103.98388100,-3.338,2.987
30.76755067,103.98388067,-3.345,2.987
30.76755417,103.98388117,-3.333,2.979
30.76755517,103.98388350,-3.343,2.980
30.76755450,103.98388400,-3.340,2.984
30.76755467,103.98388400,-3.341,2.974
30.76755467,103.98388450,-3.338,2.976
30.76755450,103.98388483,-3.343,2.981
30.76755433,103.98388467,-3.342,2.996
30.76755433,103.98388483,-3.344,2.987
30.76755417,103.98388500,-3.334,2.961
30.76755417,103.98388617,-3.343,2.973
30.76755383,103.98388667,-3.337,2.997
