30.76737250,103.98368217,-0.342,0.001
30.76737167,103.98368150,-0.344,-0.015
30.76737150,103.98368150,-0.349,-0.010
30.76737133,103.98367733,-0.351,0.004
30.76737167,103.98367417,-0.346,0.011
30.76737200,103.98367250,-0.348,0.006
30.76737183,103.98367067,-0.347,-0.007
30.76737283,103.98366533,-0.343,0.004
30.76737400,103.98366717,-0.343,-0.001
30.76737550,103.98366683,-0.341,0.001
30.76737550,103.98366483,-0.347,0.003
30.76737483,103.98366233,-0.339,0.004
30.76737433,103.98366083,-0.346,0.002
30.76737400,103.98365900,-0.341,-0.002
30.76737367,103.98365700,-0.359,-0.014
30.76737183,103.98365233,-0.218,-0.014
30.76737117,103.98365100,-0.207,-0.011
30.76737083,103.98364833,-0.211,-0.013
30.76736967,103.98364700,-0.213,-0.013
30.76737033,103.98364667,-0.219,-0.014
30.76737133,103.98364633,-0.216,-0.010
30.76737133,103.98364633,-0.214,-0.014
30.76737167,103.98364733,-0.213,-0.013
30.76737200,103.98364717,-0.217,-0.013
30.76737267,103.98364667,-0.211,-0.011
30.76737350,103.98364667,-0.215,-0.010
30.76737367,103.98364700,-0.214,-0.012
30.76737383,103.98364733,-0.213,-0.011
30.76737433,103.98364750,-0.212,-0.012
30.76737583,103.98364750,-0.211,-0.011
30.76737700,103.98364700,-0.213,-0.011
30.76737833,103.98364650,-0.213,-0.015
30.76737833,103.98364750,-0.212,-0.012
30.76737800,103.98364800,-0.211,-0.013
30.76737850,103.98364700,-0.216,-0.012
30.76737950,103.98364850,-0.209,-0.011
30.76738000,103.98364750,-0.211,-0.015
30.76738017,103.98364867,-0.216,-0.014
30.76738033,103.98365133,-0.212,-0.012
30.76738000,103.98365083,-0.216,-0.013
30.76737950,103.98365083,-0.212,-0.013
30.76737800,103.98365183,-0.211,-0.012
30.76737750,103.98365783,-0.211,-0.013
30.76737617,103.98366083,-0.214,-0.011
30.76737450,103.98366050,-0.211,-0.012
30.76737333,103.98366250,-0.212,-0.012
30.76737200,103.98366367,-0.214,-0.014
30.76737117,103.98366667,-0.212,-0.010
30.76737100,103.98366983,-0.216,-0.014
30.76737033,103.98367333,-0.215,-0.012
30.76736950,103.98367600,-0.212,-0.013
30.76736967,103.98367750,-0.218,-0.013
30.76736983,103.98367800,-0.217,-0.011
30.76736967,103.98367783,-0.210,-0.014
30.76736883,103.98367767,-0.210,-0.015
30.76736900,103.98367917,-0.210,-0.015
30.76736867,103.98367967,-0.213,-0.011
30.76736817,103.98368083,-0.213,-0.012
30.76736750,103.98368150,-0.212,-0.010
30.76736633,103.98368200,-0.208,-0.014
30.76736750,103.98368167,-0.205,-0.016
30.76736900,103.98368383,-0.206,-0.013
30.76737083,103.98368300,-0.202,-0.010
30.76736750,103.98367633,0.738,0.055
30.76736517,103.98366733,1.438,0.172
30.76735517,103.98365567,2.941,0.537
30.76733767,103.98363467,5.574,0.869
30.76733183,103.98362483,6.509,0.888
30.76732950,103.98361917,7.039,0.892
30.76731717,103.98360067,9.399,1.043
30.76728700,103.98357183,13.775,2.222
30.76725733,103.98354833,17.487,3.582
30.76721717,103.98352500,21.471,5.873
30.76718000,103.98351683,24.563,9.119
30.76714183,103.98352633,26.227,13.258
30.76709883,103.98354583,27.606,18.385
30.76705533,103.98356300,29.399,23.333
30.76701267,103.98358300,30.664,28.161
30.76696783,103.98360483,32.096,33.442
30.76692383,103.98362700,33.308,38.520
30.76688017,103.98364850,34.585,43.752
30.76683717,103.98367117,35.901,48.716
30.76679550,103.98369467,36.894,53.911
30.76675200,103.98371600,38.213,59.049
30.76671017,103.98373983,39.056,64.146
30.76666750,103.98376367,40.066,69.326
30.76662433,103.98378683,41.168,74.497
30.76658267,103.98381317,41.978,79.818
30.76654183,103.98384067,42.608,85.156
30.76650083,103.98386633,43.478,90.227
30.76646117,103.98389550,43.813,95.439
30.76642433,103.98392983,43.743,100.770
30.76638400,103.98395700,44.569,105.847
30.76634317,103.98398517,45.143,111.173
30.76630450,103.98401750,45.424,116.435
30.76626633,103.98404983,45.717,121.691
30.76622717,103.98408367,45.810,127.076
30.76618867,103.98411467,45.871,132.202
30.76614900,103.98414500,46.329,137.578
30.76611117,103.98417933,46.317,142.712
30.76607383,103.98420933,46.581,148.200
30.76603450,103.98424233,46.629,153.172
30.76599867,103.98427817,46.371,158.363
30.76596033,103.98431150,46.233,163.827
30.76592500,103.98434933,45.725,168.874
30.76588700,103.98438283,45.637,174.141
30.76585133,103.98442067,45.297,179.355
30.76581733,103.98445800,44.926,184.631
30.76578317,103.98449583,44.432,189.958
30.76574717,103.98453233,44.183,195.156
30.76571300,103.98456983,43.593,200.348
30.76567883,103.98460617,43.289,205.686
30.76564417,103.98464350,42.755,210.829
30.76561067,103.98468250,42.096,216.108
30.76557767,103.98472233,41.273,221.390
30.76554467,103.98476183,40.660,226.613
30.76551133,103.98480083,39.941,231.746
30.76547683,103.98483933,39.557,236.941
30.76544417,103.98487883,38.762,242.096
30.76541150,103.98491783,38.218,247.461
30.76537483,103.98495250,38.260,252.704
30.76534250,103.98498983,37.701,257.937
30.76530867,103.98502550,37.194,263.259
30.76527483,103.98506383,36.566,268.355
30.76523917,103.98509917,36.299,273.670
30.76520650,103.98513967,35.359,278.839
30.76518250,103.98517583,34.232,282.888
30.76516083,103.98521667,32.460,287.466
30.76514200,103.98526600,29.795,291.991
30.76513917,103.98531900,25.706,295.006
30.76515133,103.98537233,21.060,296.822
30.76516917,103.98542300,16.065,298.222
30.76518583,103.98547383,10.940,299.703
30.76520483,103.98552333,5.967,301.085
30.76522217,103.98557450,1.084,302.492
30.76523750,103.98562600,-3.999,303.503
30.76525450,103.98567717,-9.234,304.743
30.76527500,103.98572600,-14.249,306.166
30.76529350,103.98577683,-19.295,307.681
30.76531517,103.98582600,-24.500,308.816
30.76533267,103.98587800,-29.574,310.494
30.76535283,103.98592667,-34.692,311.734
30.76537517,103.98597550,-39.751,313.351
30.76539133,103.98602800,-44.859,315.139
30.76540983,103.98607817,-49.969,316.368
30.76542967,103.98612750,-54.978,317.648
30.76544600,103.98617983,-60.024,319.100
30.76546350,103.98623183,-65.248,320.431
30.76548117,103.98628367,-70.377,321.835
30.76550117,103.98633433,-75.463,322.922
30.76551833,103.98638433,-80.342,324.375
30.76552967,103.98643367,-85.559,325.880
30.76554300,103.98648550,-90.442,327.728
30.76556450,103.98653283,-95.607,328.858
30.76558133,103.98658050,-100.630,330.116
30.76560100,103.98663133,-105.814,331.468
30.76562000,103.98667983,-110.921,332.658
30.76563750,103.98673200,-115.946,334.111
30.76565483,103.98678517,-120.975,335.824
30.76567267,103.98683500,-126.132,337.144
30.76569200,103.98688467,-131.114,338.380
30.76570733,103.98693100,-135.507,339.732
30.76572367,103.98696750,-139.408,340.530
30.76573700,103.98700033,-142.489,341.202
30.76575417,103.98704850,-147.378,342.560
30.76575883,103.98706883,-148.850,343.233
30.76575900,103.98707183,-148.824,343.247
30.76575867,103.98707317,-148.816,343.266
30.76575867,103.98707433,-148.834,343.249
30.76575900,103.98707533,-148.839,343.244
30.76576017,103.98707967,-149.212,343.438
30.76576367,103.98711517,-152.442,345.393
30.76576517,103.98714883,-154.890,347.217
30.76576883,103.98719350,-158.337,349.436
30.76577417,103.98724683,-162.694,352.464
30.76577850,103.98728567,-165.677,353.943
30.76579000,103.98733050,-169.882,355.624
30.76580317,103.98737183,-173.795,356.579
30.76582300,103.98741167,-178.247,357.186
30.76584033,103.98744033,-181.496,357.313
30.76585367,103.98746417,-183.633,357.912
30.76585533,103.98748400,-185.159,359.128
30.76584933,103.98749800,-185.662,360.662
30.76582617,103.98753000,-186.416,364.931
30.76579117,103.98756033,-186.179,369.805
30.76576167,103.98758333,-185.987,373.326
30.76573483,103.98761000,-186.287,377.509
30.76570967,103.98763833,-186.649,381.348
30.76567833,103.98766767,-186.745,385.970
30.76564483,103.98770033,-187.094,390.620
30.76561117,103.98773633,-187.514,395.866
30.76558017,103.98777000,-188.102,400.271
30.76556533,103.98780500,-189.804,403.597
30.76555683,103.98784733,-192.802,406.527
30.76556217,103.98785917,-193.550,406.343
30.76556667,103.98786367,-194.528,406.205
30.76556367,103.98786100,-193.876,406.312
30.76556267,103.98785950,-193.853,406.301
30.76556717,103.98786300,-194.408,406.368
30.76557117,103.98788950,-196.899,407.790
30.76558483,103.98792667,-200.881,408.568
30.76560400,103.98795633,-204.174,408.502
30.76563333,103.98799300,-209.280,408.007
30.76566483,103.98803350,-214.475,407.605
30.76569700,103.98807383,-219.607,407.175
30.76572733,103.98811633,-224.893,406.827
30.76576233,103.98815317,-230.040,405.948
30.76579283,103.98819367,-235.323,405.953
30.76582217,103.98823733,-240.539,405.993
30.76585267,103.98827933,-245.798,405.621
30.76588550,103.98831867,-251.171,405.143
30.76591517,103.98834467,-254.739,404.334
30.76592667,103.98835183,-256.090,404.056
30.76595300,103.98837717,-259.991,403.531
30.76597717,103.98840450,-263.811,403.331
30.76599900,103.98842983,-267.256,402.962
30.76602067,103.98846000,-271.136,402.892
30.76604333,103.98850117,-275.865,403.269
30.76606917,103.98854250,-280.768,403.346
30.76608617,103.98856800,-283.453,403.447
30.76609617,103.98858617,-285.545,403.587
30.76610300,103.98859883,-286.857,403.748
30.76610733,103.98860933,-287.761,403.853
30.76610983,103.98861600,-288.394,403.910
30.76611050,103.98861783,-288.333,403.900
30.76611667,103.98863067,-290.082,404.036
30.76612550,103.98864667,-291.724,404.071
30.76615100,103.98868467,-296.744,403.923
30.76618467,103.98872300,-301.870,402.981
30.76622067,103.98875717,-306.777,401.635
30.76626417,103.98877567,-310.933,398.593
30.76631067,103.98878217,-314.495,394.711
30.76635650,103.98877417,-316.719,389.866
30.76640133,103.98875700,-318.209,384.859
30.76644567,103.98873733,-319.770,379.708
30.76649067,103.98871933,-321.288,374.794
30.76653400,103.98869733,-322.506,369.555
30.76657700,103.98867417,-323.529,364.438
30.76662033,103.98865233,-324.932,359.377
30.76666283,103.98863017,-326.218,354.164
30.76670483,103.98860583,-327.383,349.152
30.76674983,103.98858717,-329.151,344.190
30.76679533,103.98857067,-330.870,339.112
30.76683867,103.98854750,-331.790,333.949
30.76687933,103.98851900,-332.451,328.765
30.76692383,103.98849933,-334.091,323.759
30.76696783,103.98847850,-335.338,318.559
30.76701183,103.98845750,-336.755,313.480
30.76705600,103.98843850,-338.447,308.556
30.76709917,103.98841800,-339.532,303.645
30.76714150,103.98839283,-340.770,298.359
30.76718617,103.98837267,-342.343,293.199
30.76722983,103.98835000,-343.551,288.113
30.76727350,103.98832783,-344.898,283.008
30.76731733,103.98830667,-346.260,277.962
30.76736267,103.98828983,-348.130,273.054
30.76740700,103.98826983,-349.476,267.947
30.76745000,103.98824583,-350.630,262.770
30.76749367,103.98822500,-352.108,257.792
30.76753717,103.98820417,-353.507,252.701
30.76758167,103.98818550,-355.127,247.630
30.76762633,103.98816550,-356.508,242.586
30.76766867,103.98814083,-357.436,237.373
30.76771200,103.98811900,-358.897,232.292
30.76775550,103.98809800,-360.117,227.212
30.76779867,103.98807717,-361.544,222.207
30.76784200,103.98805717,-362.960,217.081
30.76788667,103.98803817,-364.580,212.171
30.76793050,103.98801550,-365.672,206.901
30.76797450,103.98799233,-366.921,201.811
30.76801817,103.98797017,-368.083,196.760
30.76806317,103.98795150,-369.629,191.666
30.76810633,103.98792967,-370.871,186.435
30.76814967,103.98790867,-372.347,181.475
30.76819367,103.98788917,-373.839,176.474
30.76823683,103.98786683,-375.050,171.354
30.76828117,103.98784633,-376.404,166.305
30.76832450,103.98782383,-377.656,161.184
30.76836717,103.98780117,-378.772,155.996
30.76840800,103.98777383,-379.561,150.743
30.76845100,103.98775017,-380.764,145.692
30.76849550,103.98773183,-382.422,140.748
30.76854033,103.98771333,-383.878,135.738
30.76858567,103.98769483,-385.689,130.681
30.76863117,103.98767783,-387.211,125.695
30.76867417,103.98765767,-388.675,120.682
30.76871867,103.98763750,-390.049,115.513
30.76876183,103.98761400,-391.263,110.419
30.76880650,103.98759533,-392.816,105.397
30.76884950,103.98757200,-393.754,100.156
30.76889250,103.98754933,-394.821,95.030
30.76893400,103.98752433,-395.724,89.821
30.76897700,103.98750217,-397.208,84.864
30.76902217,103.98748717,-399.195,80.143
30.76906650,103.98746967,-400.804,74.994
30.76911000,103.98744717,-401.921,69.907
30.76915350,103.98742450,-403.177,64.693
30.76919800,103.98740550,-404.797,59.580
30.76924250,103.98738400,-406.089,54.346
30.76928583,103.98736067,-407.296,49.304
30.76932867,103.98733583,-408.351,44.158
30.76937200,103.98731300,-409.728,39.122
30.76941633,103.98729367,-411.305,34.050
30.76945983,103.98727450,-412.693,29.056
30.76949367,103.98725783,-413.597,25.209
30.76951150,103.98724950,-413.964,23.540
30.76954050,103.98723283,-414.536,19.834
30.76957783,103.98720683,-415.055,14.802
30.76961850,103.98717867,-415.724,9.493
30.76966000,103.98715450,-416.635,4.448
30.76969917,103.98713000,-417.413,-0.250
30.76973250,103.98711117,-418.327,-4.374
30.76976150,103.98709333,-418.844,-7.680
30.76977850,103.98708250,-419.237,-10.025
30.76980683,103.98705517,-419.062,-14.116
30.76983117,103.98702117,-418.134,-18.249
30.76984717,103.98697900,-415.925,-21.967
30.76985683,103.98692933,-412.583,-25.717
30.76985300,103.98687733,-408.088,-28.117
30.76984450,103.98682333,-403.733,-30.483
30.76983850,103.98676800,-399.047,-32.948
30.76982450,103.98671500,-394.064,-34.613
30.76980617,103.98666317,-388.986,-36.047
30.76979150,103.98660967,-384.000,-37.871
30.76977700,103.98655567,-378.976,-39.751
30.76976217,103.98650200,-373.986,-41.404
30.76974517,103.98644950,-368.927,-43.074
30.76972667,103.98639800,-363.772,-44.436
30.76970967,103.98634617,-358.801,-46.040
30.76969450,103.98629400,-353.763,-47.693
30.76967500,103.98624283,-348.611,-48.799
30.76965567,103.98619200,-343.417,-50.146
30.76963767,103.98614050,-338.378,-51.600
30.76962100,103.98608850,-333.335,-53.219
30.76960150,103.98603817,-328.202,-54.335
30.76958300,103.98598717,-323.145,-55.806
30.76956733,103.98593433,-318.037,-57.446
30.76954900,103.98588317,-312.906,-58.761
30.76952967,103.98583233,-307.783,-60.028
30.76951100,103.98578117,-302.627,-61.389
30.76949250,103.98573033,-297.509,-62.618
30.76947350,103.98567967,-292.379,-63.937
30.76945417,103.98562850,-287.440,-65.157
30.76943217,103.98557950,-282.224,-66.174
30.76941450,103.98552817,-277.114,-67.696
30.76939333,103.98547950,-271.915,-68.589
30.76936883,103.98543267,-266.486,-69.192
30.76934700,103.98538400,-261.384,-70.201
30.76932683,103.98533700,-256.629,-71.189
30.76931100,103.98530750,-253.892,-71.324
30.76930033,103.98529333,-251.874,-71.301
30.76928633,103.98527217,-249.398,-71.344
30.76928217,103.98526600,-248.931,-71.368
30.76927417,103.98525267,-247.015,-71.449
30.76926817,103.98524417,-246.197,-71.668
30.76926183,103.98522300,-244.133,-72.518
30.76925867,103.98521083,-243.351,-72.806
30.76925783,103.98520983,-243.248,-72.852
30.76925400,103.98519933,-241.799,-73.374
30.76924367,103.98515550,-237.636,-75.171
30.76923600,103.98511017,-233.999,-77.075
30.76922633,103.98506833,-230.087,-78.639
30.76921117,103.98501933,-225.046,-80.140
30.76919317,103.98497050,-220.045,-81.354
30.76917950,103.98492583,-215.778,-82.771
30.76916833,103.98488367,-211.741,-84.327
30.76915500,103.98483650,-207.130,-85.825
30.76913833,103.98479100,-202.643,-86.854
30.76912200,103.98473967,-197.574,-88.313
30.76910500,103.98468783,-192.493,-89.767
30.76909000,103.98463600,-187.550,-91.580
30.76907550,103.98458417,-182.326,-93.250
30.76905817,103.98453283,-177.295,-94.810
30.76904267,103.98448050,-172.515,-96.578
30.76902933,103.98442833,-167.518,-98.536
30.76901950,103.98437467,-162.792,-100.638
30.76900450,103.98432250,-157.666,-102.286
30.76898633,103.98427150,-152.681,-103.589
30.76896617,103.98422183,-147.448,-104.662
30.76894817,103.98417133,-142.474,-106.055
30.76893017,103.98412100,-137.415,-107.043
30.76890600,103.98407683,-132.335,-107.379
30.76888333,103.98403983,-128.269,-107.304
30.76886700,103.98401917,-125.635,-107.007
30.76884283,103.98400000,-122.978,-105.537
30.76882933,103.98400233,-122.477,-104.221
30.76880000,103.98401517,-121.412,-100.262
30.76875667,103.98403950,-120.463,-95.009
30.76871450,103.98406650,-119.774,-89.885
30.76867483,103.98409567,-119.448,-84.719
30.76863733,103.98412833,-119.487,-79.601
30.76860083,103.98416567,-119.947,-74.352
30.76856667,103.98420483,-120.595,-68.941
30.76853050,103.98424167,-120.879,-63.682
30.76849367,103.98427700,-120.955,-58.493
30.76845617,103.98431083,-121.049,-53.231
30.76841950,103.98434583,-121.387,-47.855
30.76838300,103.98438033,-121.336,-42.838
30.76834650,103.98441483,-121.523,-37.335
30.76831167,103.98445150,-121.898,-32.055
30.76827700,103.98448867,-122.315,-26.917
30.76824150,103.98452283,-122.396,-21.993
30.76821317,103.98454933,-122.518,-18.143
30.76817683,103.98456950,-121.330,-13.823
30.76813233,103.98457833,-118.563,-9.579
30.76808933,103.98455667,-113.963,-7.234
30.76805450,103.98452033,-108.935,-6.474
30.76802300,103.98447933,-103.690,-6.132
30.76799317,103.98443583,-98.453,-6.128
30.76796217,103.98439317,-93.188,-5.821
30.76793033,103.98435167,-87.966,-5.422
30.76789967,103.98430983,-82.581,-5.059
30.76786933,103.98426667,-77.415,-4.954
30.76783783,103.98422350,-72.083,-4.607
30.76780583,103.98418250,-66.851,-4.077
30.76777417,103.98414183,-61.662,-3.741
30.76774200,103.98410067,-56.393,-3.225
30.76771050,103.98405883,-51.128,-2.935
30.76768067,103.98401750,-45.800,-2.617
30.76765033,103.98397550,-40.520,-2.395
30.76761717,103.98393450,-35.367,-2.060
30.76758300,103.98389533,-30.096,-1.395
30.76754900,103.98385500,-24.584,-0.905
30.76751367,103.98381683,-19.489,-0.076
30.76748000,103.98377750,-14.285,0.423
30.76745300,103.98373200,-8.989,-0.030
30.76742883,103.98369167,-4.414,0.024
30.76742567,103.98368817,-4.473,0.006
30.76742517,103.98368883,-4.386,-0.012
30.76742417,103.98368817,-4.378,0.005
30.76742283,103.98368883,-4.419,0.007
30.76742183,103.98369017,-4.412,0.001
30.76742067,103.98369217,-4.408,0.006
30.76741817,103.98369300,-4.373,0.027
30.76741683,103.98369383,-4.400,-0.000
30.76741583,103.98369650,-4.400,0.011
30.76741500,103.98369883,-4.393,0.002
30.76741467,103.98370167,-4.402,0.004
30.76741217,103.98370517,-4.397,0.002
30.76741050,103.98370617,-4.398,0.007
30.76740983,103.98370717,-4.394,0.003
30.76741000,103.98370767,-4.399,0.003
30.76741000,103.98370700,-4.396,0.005
30.76740983,103.98370750,-4.394,0.003
30.76741000,103.98370717,-4.401,0.003
30.76740967,103.98370650,-4.392,0.002
30.76740883,103.98370600,-4.396,0.007
30.76740783,103.98370483,-4.395,0.005
30.76740733,103.98370383,-4.398,0.003
30.76740750,103.98370283,-4.392,0.005
30.76740767,103.98370167,-4.399,0.004
30.76740833,103.98370033,-4.397,0.008
30.76740917,103.98369933,-4.389,0.007
30.76740900,103.98369817,-4.397,0.003
30.76740933,103.98369750,-4.398,0.006
30.76740767,103.98369917,-4.393,0.012
30.76740600,103.98369917,-4.171,0.018
30.76740583,103.98369617,-3.905,0.045
30.76740683,103.98369483,-3.897,0.049
30.76740717,103.98369317,-3.863,0.056
30.76740567,103.98369533,-3.857,0.055
30.76740433,103.98369650,-3.862,0.054
30.76740300,103.98369733,-3.861,0.053
30.76740250,103.98369650,-3.866,0.057
30.76740067,103.98370117,-3.862,0.055
30.76739967,103.98370417,-3.857,0.058
30.76739717,103.98370817,-3.885,0.063
30.76739650,103.98371250,-3.851,0.058
30.76740017,103.98371433,-3.865,0.048
30.76740200,103.98371617,-3.856,0.060
30.76740383,103.98371567,-3.854,0.058
30.76740533,103.98371433,-3.857,0.073
30.76740600,103.98371233,-3.865,0.054
30.76740700,103.98371083,-3.850,0.068
30.76740850,103.98371000,-3.838,0.066
30.76741000,103.98370933,-3.848,0.064
30.76741100,103.98370917,-3.842,0.067
30.76740167,103.98369600,-1.945,0.450
30.76739050,103.98368250,-0.577,0.708
30.76737217,103.98365467,0.763,-1.143
30.76735033,103.98362100,4.923,-1.061
30.76732617,103.98358017,9.619,-1.138
30.76729617,103.98354517,13.983,-0.296
30.76725633,103.98351867,18.532,2.240
30.76721367,103.98350500,22.367,5.275
30.76717500,103.98350400,24.808,8.811
30.76713983,103.98351367,26.246,12.578
30.76709900,103.98352850,27.808,17.271
30.76705650,103.98355117,28.954,22.329
30.76701350,103.98356967,30.698,27.389
30.76697050,103.98359133,32.060,32.232
30.76692683,103.98361217,33.471,37.385
30.76688350,103.98363450,34.680,42.647
30.76684033,103.98365733,35.996,47.889
30.76679650,103.98368117,37.102,53.007
30.76675350,103.98370383,38.214,57.956
30.76671133,103.98372967,39.102,63.175
30.76667183,103.98375533,39.759,68.373
30.76663267,103.98378317,40.637,73.537
30.76659317,103.98381050,41.566,78.797
30.76655433,103.98384067,42.084,84.070
30.76651383,103.98386917,42.824,89.241
30.76647433,103.98389783,43.380,94.314
30.76643550,103.98392800,43.792,99.627
30.76639833,103.98395883,43.653,105.027
30.76637400,103.98399600,42.378,108.970
30.76635517,103.98403550,40.515,112.699
30.76635500,103.98408000,36.838,114.966
30.76636700,103.98412867,31.688,116.459
30.76639217,103.98416733,27.211,116.247
30.76641900,103.98421117,21.984,116.510
30.76644683,103.98425567,16.863,116.691
30.76647517,103.98429433,11.587,116.596
30.76650683,103.98433383,6.221,116.293
30.76653883,103.98437433,0.918,115.805
30.76657100,103.98441483,-4.460,115.576
30.76660417,103.98445483,-9.633,114.989
30.76664033,103.98449133,-14.696,114.111
30.76667367,103.98453150,-19.986,113.541
30.76670750,103.98457117,-25.285,112.995
30.76674167,103.98461083,-30.727,112.970
30.76677517,103.98465017,-36.014,112.874
30.76680667,103.98469250,-41.291,113.030
30.76683783,103.98473467,-46.478,113.132
30.76686850,103.98477717,-51.691,112.856
30.76690050,103.98481850,-57.120,112.589
30.76692967,103.98486233,-62.426,112.643
30.76695917,103.98490567,-67.657,112.572
30.76698917,103.98494900,-72.993,112.452
30.76702117,103.98499050,-78.220,112.091
30.76705133,103.98503367,-83.483,112.083
30.76708317,103.98507517,-88.897,111.708
30.76711300,103.98511867,-94.380,111.581
30.76714533,103.98515933,-99.605,111.264
30.76717550,103.98520300,-104.774,111.298
30.76720183,103.98525133,-109.897,111.935
30.76722750,103.98529917,-115.230,112.412
30.76725683,103.98534400,-120.765,112.441
30.76728283,103.98539067,-125.993,112.912
30.76731250,103.98543433,-131.084,112.668
30.76734317,103.98547550,-136.398,112.401
30.76737183,103.98552050,-141.613,112.535
30.76739833,103.98556567,-146.859,112.867
30.76742683,103.98561017,-152.071,112.872
30.76745633,103.98565267,-157.241,112.800
30.76748483,103.98569433,-162.281,112.651
30.76751600,103.98573483,-167.388,112.294
30.76754350,103.98577833,-172.633,112.439
30.76757250,103.98582150,-177.921,112.301
30.76760433,103.98586217,-183.111,112.034
30.76763517,103.98590417,-188.325,112.002
30.76766417,103.98594767,-193.737,112.112
30.76769400,103.98599150,-198.957,111.706
30.76772383,103.98603583,-204.351,111.769
30.76775483,103.98607833,-209.565,111.490
30.76778633,103.98612017,-214.752,111.118
30.76781517,103.98616283,-220.146,110.828
30.76784450,103.98620383,-225.320,110.548
30.76787533,103.98624567,-230.569,110.329
30.76790817,103.98628667,-235.883,109.715
30.76794000,103.98632700,-241.176,109.281
30.76797117,103.98636617,-246.413,109.364
30.76800300,103.98640383,-251.689,109.257
30.76803167,103.98644783,-256.894,109.236
30.76806533,103.98648683,-262.178,108.841
30.76810033,103.98652433,-267.469,108.040
30.76813317,103.98656450,-272.688,107.704
30.76816217,103.98660750,-277.816,107.801
30.76819300,103.98665050,-283.159,107.525
30.76822333,103.98669433,-288.546,107.415
30.76825483,103.98673600,-293.722,106.833
30.76828517,103.98677733,-298.883,106.579
30.76831367,103.98682117,-304.311,106.546
30.76834350,103.98686300,-309.564,106.187
30.76837650,103.98690300,-314.763,105.836
30.76840633,103.98694700,-320.085,105.842
30.76843800,103.98698883,-325.233,105.304
30.76847200,103.98702633,-330.477,104.860
30.76850200,103.98706733,-335.723,104.403
30.76853700,103.98710450,-340.985,103.987
30.76856817,103.98714783,-346.292,104.090
30.76860117,103.98718833,-351.378,103.535
30.76863217,103.98723000,-356.601,103.423
30.76866250,103.98727383,-362.045,103.141
30.76869483,103.98731417,-367.213,102.523
30.76872383,103.98735750,-372.523,102.655
30.76874550,103.98740067,-376.958,103.178
30.76874800,103.98740900,-377.093,103.249
30.76875033,103.98741750,-378.157,103.519
30.76875667,103.98744700,-380.774,104.743
30.76875233,103.98748150,-382.686,107.386
30.76872483,103.98751400,-382.844,111.604
30.76868617,103.98752850,-380.958,115.592
30.76864317,103.98754783,-379.566,120.683
30.76860150,103.98757517,-378.717,125.721
30.76855567,103.98759500,-376.953,130.538
30.76850883,103.98761267,-375.423,135.856
30.76847550,103.98762750,-374.504,139.395
30.76843667,103.98763650,-372.347,143.228
30.76840167,103.98762533,-369.114,145.271
30.76838983,103.98761500,-367.660,145.518
30.76838167,103.98760433,-366.328,145.460
30.76837500,103.98759450,-365.014,145.506
30.76835350,103.98756650,-361.467,145.900
30.76832333,103.98752700,-356.507,146.473
30.76829450,103.98749000,-351.687,146.744
30.76826467,103.98745083,-346.640,147.089
30.76822900,103.98741517,-341.612,148.093
30.76819350,103.98737967,-336.553,149.182
30.76816233,103.98734017,-331.530,149.509
30.76813383,103.98730233,-326.498,149.989
30.76810333,103.98726283,-321.389,150.131
30.76807700,103.98722100,-316.172,150.239
30.76804800,103.98718317,-311.034,150.725
30.76801650,103.98714367,-305.766,151.061
30.76798617,103.98709933,-300.442,151.140
30.76795300,103.98706317,-295.557,151.906
30.76792117,103.98702467,-290.372,152.403
30.76788950,103.98698583,-285.291,152.767
30.76786817,103.98693850,-280.058,151.799
30.76784367,103.98689617,-274.826,151.904
30.76781633,103.98685400,-269.532,151.841
30.76778450,103.98681300,-264.355,152.118
30.76775100,103.98677333,-259.208,152.724
30.76771833,103.98673250,-253.876,152.920
30.76768917,103.98668950,-248.516,153.170
30.76765683,103.98664933,-243.277,153.606
30.76762367,103.98661200,-238.018,154.039
30.76759117,103.98657350,-232.739,154.279
30.76755983,103.98652967,-227.442,154.619
30.76752650,103.98649100,-222.172,155.295
30.76749617,103.98644683,-217.013,155.368
30.76746550,103.98640400,-211.717,155.710
30.76743550,103.98636350,-206.511,155.824
30.76740450,103.98632200,-201.281,156.036
30.76737517,103.98627850,-195.940,156.134
30.76734250,103.98623917,-190.609,156.597
30.76731167,103.98620050,-185.466,156.884
30.76728633,103.98616800,-181.540,157.225
30.76726467,103.98614133,-177.821,157.392
30.76723867,103.98610900,-173.699,157.811
30.76721100,103.98607750,-169.483,158.151
30.76718150,103.98604200,-164.840,158.536
30.76714983,103.98600817,-160.298,159.210
30.76712033,103.98597833,-156.042,160.161
30.76708883,103.98594000,-151.156,160.613
30.76706450,103.98590283,-146.941,160.506
30.76704733,103.98587217,-143.644,160.064
30.76704100,103.98585850,-142.403,159.784
30.76702817,103.98583000,-139.464,159.101
30.76702167,103.98581233,-138.197,158.535
30.76702617,103.98579300,-137.328,156.672
30.76704267,103.98576883,-136.650,153.615
30.76706333,103.98574083,-135.847,150.308
30.76707417,103.98570933,-133.657,147.881
30.76706767,103.98567317,-130.041,147.019
30.76704450,103.98564117,-125.882,146.919
30.76701567,103.98559617,-120.634,146.812
30.76698783,103.98555133,-115.317,146.835
30.76695750,103.98550850,-110.098,146.975
30.76692650,103.98546667,-105.077,147.207
30.76689483,103.98542500,-99.815,147.475
30.76686533,103.98538167,-94.514,147.486
30.76683433,103.98534033,-89.141,147.963
30.76680233,103.98529967,-83.950,147.863
30.76677250,103.98525700,-78.586,148.078
30.76673933,103.98521733,-73.379,148.637
30.76670950,103.98517483,-68.022,148.705
30.76667850,103.98513450,-62.904,148.974
30.76664817,103.98509333,-57.561,149.309
30.76661500,103.98505483,-52.333,149.973
30.76658267,103.98501350,-47.040,150.297
30.76655050,103.98497433,-41.859,150.938
30.76651917,103.98493317,-36.744,151.337
30.76649317,103.98488950,-31.434,151.365
30.76646167,103.98484917,-26.105,151.582
30.76643067,103.98480950,-20.821,151.598
30.76640100,103.98476733,-15.669,151.938
30.76636900,103.98472817,-10.417,152.370
30.76634050,103.98468683,-5.159,152.518
30.76631050,103.98464350,0.253,152.707
30.76627750,103.98460383,5.518,153.046
30.76624633,103.98456117,10.765,153.248
30.76621300,103.98452133,15.994,153.952
30.76617800,103.98448283,21.208,154.659
30.76614417,103.98444317,26.546,155.116
30.76611050,103.98440450,31.614,155.844
30.76607650,103.98438700,34.810,157.887
30.76605650,103.98437917,36.522,158.950
30.76601650,103.98436117,40.775,161.700
30.76598983,103.98435550,42.668,163.824
30.76596500,103.98435533,44.344,165.966
30.76594167,103.98435483,45.271,167.479
30.76594133,103.98435300,45.268,167.482
30.76594017,103.98435200,45.314,167.567
30.76593967,103.98435267,45.299,167.552
30.76593733,103.98435317,45.296,167.519
30.76593650,103.98435433,45.302,167.517
