30.76294150,103.98177917,-0.349,-0.005
30.76294183,103.98177917,-0.350,-0.006
30.76294200,103.98177900,-0.352,-0.004
30.76294217,103.98177900,-0.351,-0.004
30.76294250,103.98177900,-0.361,-0.007
30.76294267,103.98177867,-0.355,-0.008
30.76294283,103.98177867,-0.358,-0.006
30.76294317,103.98177867,-0.356,-0.005
30.76294333,103.98177867,-0.354,-0.009
30.76294350,103.98177867,-0.354,-0.008
30.76294367,103.98177850,-0.350,-0.010
30.76294367,103.98177867,-0.351,-0.003
30.76293567,103.98178117,0.860,-0.266
30.76291800,103.98179450,3.076,0.190
30.76289300,103.98181550,6.752,0.690
30.76287350,103.98184267,9.816,2.005
30.76285850,103.98187067,12.418,3.760
30.76285450,103.98190317,13.854,6.638
30.76285733,103.98193233,14.692,9.319
30.76286183,103.98196233,15.683,12.151
30.76286617,103.98199133,16.385,14.859
30.76287217,103.98202133,17.173,17.717
30.76287600,103.98204800,17.937,20.193
30.76288183,103.98207333,18.479,22.763
30.76288850,103.98209517,18.853,24.879
30.76288950,103.98211683,19.647,26.729
30.76289117,103.98213800,20.209,28.729
30.76290033,103.98215867,20.150,30.897
30.76291217,103.98218150,19.898,33.536
30.76292917,103.98221217,19.589,37.235
30.76294667,103.98224350,19.262,40.840
30.76296550,103.98227433,18.840,44.379
30.76298283,103.98230550,18.535,48.025
30.76299350,103.98233700,18.563,51.718
30.76300850,103.98236767,18.144,55.329
30.76302500,103.98239917,17.968,58.904
30.76304133,103.98243050,17.894,62.547
30.76305717,103.98246267,17.586,66.094
30.76307367,103.98249500,17.373,69.673
30.76308800,103.98252967,17.311,73.411
30.76310633,103.98256183,16.548,77.006
30.76312383,103.98259517,16.257,80.684
30.76314267,103.98262600,15.707,84.246
30.76316017,103.98265583,15.367,87.584
30.76316717,103.98266917,15.289,88.575
30.76316400,103.98266450,15.359,87.995
30.76316000,103.98266067,15.398,87.455
30.76315967,103.98266317,15.359,87.687
30.76316533,103.98266983,14.661,88.352
30.76317367,103.98266317,13.514,87.782
30.76317767,103.98264050,11.893,86.031
30.76318383,103.98262000,10.310,84.540
30.76318333,103.98259967,9.786,82.638
30.76317283,103.98257917,9.850,80.085
30.76316333,103.98255567,10.042,77.818
30.76315200,103.98253650,10.246,75.555
30.76313500,103.98251467,10.494,72.825
30.76312250,103.98248867,10.050,70.086
30.76312067,103.98246300,8.724,67.890
30.76313150,103.98244333,6.587,67.062
30.76314883,103.98242283,4.121,66.362
30.76317517,103.98239900,0.384,65.868
30.76319833,103.98237400,-3.019,65.106
30.76322567,103.98235300,-6.760,64.739
30.76325167,103.98233133,-10.350,64.185
30.76327933,103.98231283,-13.876,64.196
30.76331033,103.98230033,-17.211,65.085
30.76333083,103.98230750,-18.712,66.969
30.76334017,103.98231550,-19.187,67.894
30.76334383,103.98231533,-19.241,68.052
30.76335217,103.98230867,-20.724,67.292
30.76335333,103.98229833,-21.504,66.565
30.76335650,103.98228683,-22.638,65.694
30.76335850,103.98228000,-23.137,65.199
30.76335583,103.98225883,-23.575,62.996
30.76333883,103.98223217,-22.785,60.094
30.76332600,103.98220383,-22.690,56.876
30.76331067,103.98217633,-22.651,53.844
30.76329550,103.98214317,-23.042,50.316
30.76328167,103.98210700,-23.300,46.515
30.76327117,103.98206917,-23.981,42.932
30.76326317,103.98204433,-24.382,40.905
30.76325733,103.98203233,-23.818,39.899
30.76324417,103.98203417,-22.072,40.100
30.76324950,103.98205517,-21.895,42.398
30.76326417,103.98207967,-21.889,45.376
30.76328117,103.98211033,-22.082,49.260
30.76330083,103.98214050,-22.886,52.863
30.76332350,103.98216867,-23.577,56.427
30.76332800,103.98217717,-23.626,56.856
30.76333583,103.98219250,-23.597,58.824
30.76334467,103.98221383,-23.478,61.132
30.76335217,103.98223617,-23.368,63.277
30.76336433,103.98226117,-23.637,65.983
30.76338383,103.98228950,-24.490,69.457
30.76340300,103.98232050,-24.804,73.002
30.76342033,103.98235333,-25.245,76.715
30.76343833,103.98238300,-25.765,80.324
30.76345467,103.98241350,-25.948,83.970
30.76347633,103.98244083,-26.493,87.504
30.76349550,103.98247333,-26.949,91.163
30.76351483,103.98250600,-27.252,95.080
30.76353150,103.98253883,-27.622,98.680
30.76354917,103.98257033,-27.944,102.369
30.76356850,103.98260167,-28.570,105.866
30.76359083,103.98263017,-29.463,109.591
30.76360850,103.98266367,-29.742,113.333
30.76362433,103.98269733,-30.071,116.897
30.76364333,103.98273000,-30.534,120.549
30.76366167,103.98276233,-30.855,124.232
30.76367967,103.98279400,-31.130,127.905
30.76369767,103.98282617,-31.592,131.400
30.76371583,103.98286050,-31.966,135.096
30.76373450,103.98289283,-32.353,138.836
30.76375317,103.98292467,-32.923,142.641
30.76377550,103.98295067,-34.030,145.876
30.76379100,103.98298300,-34.301,149.388
30.76380833,103.98301400,-34.513,152.944
30.76382283,103.98303817,-34.908,155.707
30.76383333,103.98306050,-35.045,158.165
30.76384233,103.98307950,-35.150,160.126
30.76384967,103.98310333,-34.782,162.560
30.76384750,103.98312300,-33.502,163.837
30.76383550,103.98313600,-31.693,164.097
30.76381800,103.98314267,-29.567,163.588
30.76380250,103.98315200,-27.609,163.458
30.76378333,103.98316300,-25.138,163.355
30.76376667,103.98317117,-23.090,163.219
30.76374900,103.98318233,-20.783,163.522
30.76373317,103.98320017,-18.506,164.209
30.76371967,103.98321800,-16.353,164.934
30.76370783,103.98323350,-14.527,165.476
30.76369517,103.98324817,-12.549,165.987
30.76368283,103.98326133,-10.782,166.334
30.76366917,103.98327433,-8.896,166.612
30.76365100,103.98328733,-6.579,166.680
30.76362767,103.98329717,-3.927,166.159
30.76360117,103.98329950,-1.167,164.731
30.76357667,103.98329667,0.866,162.991
30.76356033,103.98327917,1.405,160.466
30.76354867,103.98325383,1.612,157.707
30.76353333,103.98322783,1.454,154.855
30.76351583,103.98319700,1.730,151.135
30.76349883,103.98316517,1.987,147.466
30.76348267,103.98313267,2.122,143.900
30.76346567,103.98310033,2.384,140.295
30.76345483,103.98307317,2.266,137.652
30.76344350,103.98306167,3.269,136.377
30.76344067,103.98306150,3.182,136.440
30.76343200,103.98306633,4.462,136.563
30.76343417,103.98308117,4.414,138.041
30.76345067,103.98310467,3.862,141.211
30.76347100,103.98313483,2.957,144.826
30.76348883,103.98316767,2.550,148.536
30.76350817,103.98319950,2.170,152.135
30.76352717,103.98323133,1.660,155.719
30.76354717,103.98326433,1.001,159.305
30.76355867,103.98328100,0.534,160.951
30.76356667,103.98329317,0.201,162.532
30.76357950,103.98331167,-0.526,164.728
30.76360483,103.98333317,-2.357,168.093
30.76363133,103.98335650,-3.686,171.256
30.76365467,103.98338317,-4.700,174.696
30.76367583,103.98341133,-5.460,178.162
30.76369850,103.98344000,-6.395,181.594
30.76371933,103.98346833,-7.254,185.204
30.76374050,103.98349800,-8.020,188.793
30.76376567,103.98352417,-9.125,192.204
30.76379250,103.98354883,-10.475,195.480
30.76381750,103.98357200,-11.521,198.595
30.76383817,103.98359450,-12.249,201.524
30.76385650,103.98361567,-12.952,204.215
30.76387517,103.98363550,-13.667,206.720
30.76388500,103.98365083,-13.906,208.397
30.76389917,103.98366983,-14.276,211.040
30.76391400,103.98369617,-14.527,214.135
30.76392783,103.98372317,-14.763,217.039
30.76394200,103.98375400,-14.818,220.338
30.76395850,103.98378417,-15.168,223.725
30.76397850,103.98381150,-15.816,226.919
30.76399650,103.98383383,-16.445,229.651
30.76401017,103.98385367,-16.987,232.007
30.76402517,103.98387433,-17.688,234.524
30.76404133,103.98389500,-18.662,237.110
30.76406550,103.98390433,-20.806,239.091
30.76408800,103.98392283,-21.923,242.114
30.76410717,103.98395067,-22.556,245.554
30.76413100,103.98397533,-23.439,248.758
30.76415367,103.98399867,-24.424,251.923
30.76417500,103.98402017,-25.765,254.673
30.76419650,103.98403600,-27.297,257.244
30.76422017,103.98404800,-29.252,259.450
30.76424533,103.98403917,-32.199,259.653
30.76427150,103.98402550,-35.451,259.832
30.76429667,103.98400550,-38.853,259.159
30.76431883,103.98398050,-42.199,258.085
30.76433550,103.98395133,-44.984,256.200
30.76434367,103.98391883,-47.048,253.665
30.76434050,103.98388533,-47.987,250.500
30.76433217,103.98385267,-48.401,247.373
30.76431950,103.98382317,-48.423,244.140
30.76430383,103.98379433,-48.178,240.649
30.76428433,103.98376650,-47.656,237.324
30.76426583,103.98374033,-47.511,233.514
30.76424767,103.98370883,-47.015,230.098
30.76422867,103.98367633,-46.783,226.427
30.76421300,103.98364333,-46.508,222.850
30.76419700,103.98361600,-46.271,219.898
30.76418683,103.98358850,-46.033,217.027
30.76417850,103.98357767,-45.373,216.047
30.76417000,103.98357250,-44.585,215.376
30.76416683,103.98357150,-44.356,215.269
30.76417333,103.98356483,-44.855,215.292
30.76417933,103.98355433,-45.524,214.844
30.76418117,103.98355150,-45.420,214.984
30.76417967,103.98355583,-45.025,215.617
30.76418067,103.98357567,-44.839,217.650
30.76419367,103.98359417,-45.568,219.784
30.76420817,103.98361467,-45.890,222.335
30.76422250,103.98364133,-46.285,225.359
30.76423700,103.98366683,-46.490,228.252
30.76425033,103.98369283,-46.429,231.109
30.76426883,103.98371383,-47.383,233.645
30.76428633,103.98373667,-47.760,236.440
30.76430150,103.98376183,-48.314,239.328
30.76431517,103.98377783,-48.549,241.269
30.76432133,103.98379067,-48.733,242.571
30.76432700,103.98380233,-48.725,244.035
30.76433217,103.98380950,-48.859,244.513
30.76433233,103.98380883,-48.917,244.606
30.76433550,103.98381200,-48.957,245.219
30.76433900,103.98382217,-48.710,246.437
30.76434433,103.98384967,-48.072,249.190
30.76435450,103.98388483,-47.600,252.703
30.76436633,103.98392167,-47.241,256.300
30.76437550,103.98395700,-46.698,259.856
30.76437750,103.98399083,-45.562,263.194
30.76437517,103.98402500,-43.714,265.974
30.76436000,103.98405567,-40.786,267.703
30.76433950,103.98408767,-37.742,269.472
30.76432200,103.98411983,-34.854,271.431
30.76430500,103.98414683,-32.039,272.895
30.76428733,103.98417050,-29.478,274.059
30.76427000,103.98418850,-27.177,274.728
30.76425267,103.98420383,-24.900,275.128
30.76423517,103.98421750,-22.668,275.455
30.76421867,103.98422983,-20.479,275.782
30.76420433,103.98425000,-18.183,276.999
30.76419100,103.98427283,-15.942,278.300
30.76418200,103.98429650,-14.134,279.978
30.76417883,103.98431983,-12.837,281.859
30.76417533,103.98433900,-11.544,283.379
30.76416917,103.98436217,-9.852,285.210
30.76417733,103.98439333,-9.635,288.642
30.76419383,103.98442483,-10.122,292.011
30.76421417,103.98445567,-10.755,295.602
30.76423717,103.98448350,-11.602,299.151
30.76425650,103.98451467,-11.806,302.764
30.76427833,103.98454283,-12.684,306.411
30.76429850,103.98457217,-13.507,309.924
30.76431017,103.98459250,-13.706,311.844
30.76431500,103.98460167,-13.802,312.809
30.76432083,103.98461333,-13.920,314.151
30.76433383,103.98462783,-14.753,316.133
30.76435250,103.98464333,-15.780,318.518
30.76437317,103.98467083,-16.658,322.183
30.76438817,103.98469400,-17.165,324.682
30.76440350,103.98471617,-17.750,327.290
30.76441717,103.98473417,-18.253,329.418
30.76443083,103.98475250,-18.856,331.725
30.76444450,103.98477350,-19.385,334.271
30.76446067,103.98479417,-20.052,336.626
30.76448083,103.98482067,-20.949,340.029
30.76448750,103.98483183,-21.082,340.854
30.76449917,103.98484983,-21.614,343.585
30.76452033,103.98487850,-22.504,346.876
30.76454183,103.98490817,-23.286,350.425
30.76456267,103.98493867,-23.974,354.138
30.76458400,103.98496833,-24.843,357.768
30.76460450,103.98499850,-25.520,361.363
30.76462433,103.98502667,-26.130,364.622
30.76462867,103.98503333,-26.235,364.913
30.76463450,103.98503917,-26.903,365.591
30.76464283,103.98503833,-27.921,365.574
30.76464300,103.98504117,-27.407,365.868
30.76464300,103.98504750,-26.935,366.407
30.76464333,103.98504750,-26.971,366.316
30.76464367,103.98503183,-27.394,364.479
30.76462717,103.98500883,-26.537,361.514
30.76460567,103.98498133,-25.534,357.936
30.76458400,103.98495283,-24.648,354.505
30.76456183,103.98492433,-23.772,350.962
30.76454050,103.98489550,-22.979,347.381
30.76451983,103.98486650,-22.232,343.915
30.76451100,103.98485467,-21.979,342.593
30.76450683,103.98484867,-21.869,341.828
30.76449633,103.98483417,-21.253,339.926
30.76447400,103.98481233,-19.884,336.732
30.76445483,103.98479433,-19.218,334.726
30.76443767,103.98476700,-18.720,329.601
30.76442583,103.98474250,-19.856,327.450
30.76441150,103.98470717,-20.457,324.707
30.76441150,103.98467150,-20.883,323.016
30.76443400,103.98464517,-27.003,321.961
30.76445600,103.98462550,-29.076,322.013
30.76447417,103.98461067,-31.060,321.934
30.76448750,103.98459717,-33.018,321.677
30.76451233,103.98461000,-34.149,324.577
30.76453150,103.98464050,-33.809,328.122
30.76454800,103.98467233,-33.660,331.673
30.76456900,103.98470033,-34.135,335.257
30.76458817,103.98473117,-34.247,338.828
30.76460450,103.98476033,-34.480,342.275
30.76462617,103.98478867,-35.035,345.813
30.76464767,103.98481900,-35.351,349.479
30.76466800,103.98485000,-35.518,353.251
30.76468983,103.98487933,-35.993,356.901
30.76471067,103.98490917,-36.354,360.528
30.76473167,103.98492733,-37.648,362.910
30.76474950,103.98494983,-37.664,366.008
30.76475433,103.98497033,-37.273,367.708
30.76476233,103.98497900,-38.055,368.626
30.76477033,103.98497717,-39.130,368.552
30.76477083,103.98497650,-39.126,368.561
30.76477250,103.98498483,-38.604,369.309
30.76477683,103.98499050,-38.663,369.891
30.76477667,103.98499083,-38.630,369.770
30.76477433,103.98498867,-38.488,369.364
30.76475717,103.98496967,-37.927,366.443
30.76473650,103.98494067,-37.434,362.837
30.76471350,103.98491317,-36.781,359.232
30.76469267,103.98488350,-36.513,355.589
30.76467183,103.98485400,-36.113,352.024
30.76464900,103.98482617,-35.672,348.508
30.76462900,103.98479567,-35.358,344.767
30.76460633,103.98476733,-34.750,341.327
30.76458467,103.98473817,-34.149,337.588
30.76456967,103.98471650,-34.029,335.203
30.76456600,103.98471000,-34.107,334.725
30.76456567,103.98469333,-35.375,333.729
30.76458750,103.98468617,-37.989,334.685
30.76461067,103.98467183,-41.057,334.740
30.76463333,103.98465000,-44.222,334.584
30.76465167,103.98463400,-46.361,334.587
30.76467450,103.98463617,-48.170,336.512
30.76469833,103.98465383,-49.289,339.479
30.76471950,103.98468250,-49.389,343.090
30.76474050,103.98471233,-49.770,346.730
30.76476317,103.98474100,-50.231,350.477
30.76478500,103.98477000,-50.919,353.969
30.76481067,103.98479500,-52.035,357.621
30.76483267,103.98482450,-52.404,361.243
30.76485367,103.98485417,-52.798,364.908
30.76487467,103.98488117,-53.266,368.163
30.76488900,103.98490200,-53.349,370.646
30.76490083,103.98491883,-53.502,372.764
30.76491467,103.98493733,-53.787,375.168
30.76493050,103.98495833,-54.148,377.820
30.76494600,103.98498017,-54.279,380.540
30.76495883,103.98500350,-53.979,382.958
30.76495667,103.98503067,-51.959,384.599
30.76493700,103.98505617,-48.552,385.064
30.76491183,103.98508117,-44.836,385.602
30.76488833,103.98510817,-41.348,386.202
30.76486417,103.98513400,-37.717,386.773
30.76484050,103.98515800,-34.276,387.223
30.76481683,103.98517467,-31.213,387.052
30.76479617,103.98518817,-28.679,386.825
30.76477967,103.98520117,-26.488,386.941
30.76476300,103.98521833,-23.983,387.331
30.76475483,103.98522717,-22.982,387.716
30.76475083,103.98524450,-21.623,389.331
30.76474867,103.98527217,-19.972,391.203
30.76474283,103.98529517,-18.191,392.566
30.76473117,103.98532100,-15.644,393.996
30.76471433,103.98534867,-12.485,395.115
30.76469150,103.98537683,-8.906,395.852
30.76466933,103.98540550,-5.328,396.768
30.76464950,103.98543783,-1.822,398.047
30.76462967,103.98546650,1.584,399.100
30.76461417,103.98549767,4.559,400.725
30.76459950,103.98553167,7.805,402.662
30.76458967,103.98556133,9.925,404.461
30.76458900,103.98558983,11.356,406.793
30.76459500,103.98561533,11.877,409.126
30.76461083,103.98563333,11.042,411.527
30.76462833,103.98564150,9.749,413.064
30.76463933,103.98564450,8.818,413.888
30.76466550,103.98563417,5.496,414.621
30.76469400,103.98561633,1.796,414.857
30.76472267,103.98559967,-1.789,415.298
30.76475183,103.98558317,-5.377,415.712
30.76478017,103.98556400,-8.989,415.847
30.76480667,103.98554200,-12.537,415.781
30.76483150,103.98551833,-16.031,415.623
30.76485817,103.98549700,-19.622,415.638
30.76487967,103.98548150,-22.309,415.553
30.76489800,103.98546500,-24.814,415.285
30.76491350,103.98544983,-26.990,415.042
30.76493050,103.98543117,-29.625,414.617
30.76494833,103.98541450,-31.956,414.342
30.76496400,103.98540033,-34.319,414.145
30.76498250,103.98538167,-36.947,413.931
30.76499983,103.98536783,-39.184,413.881
30.76501667,103.98534683,-41.893,413.204
30.76503683,103.98531567,-45.447,411.908
30.76505867,103.98528667,-49.115,410.985
30.76507717,103.98526417,-51.945,410.453
30.76509400,103.98524783,-54.225,410.157
30.76510350,103.98523817,-55.541,409.966
30.76511233,103.98522867,-56.840,409.767
30.76512800,103.98521100,-59.439,409.355
30.76515217,103.98519333,-62.720,409.531
30.76517983,103.98517317,-66.260,409.514
30.76520650,103.98515250,-69.793,409.604
30.76523333,103.98513133,-73.451,409.547
30.76526050,103.98510883,-77.087,409.392
30.76528733,103.98508750,-80.669,409.331
30.76531117,103.98506167,-84.281,408.642
30.76533583,103.98503683,-88.026,408.202
30.76535950,103.98501017,-91.600,407.391
30.76538383,103.98498550,-95.213,407.110
30.76541050,103.98496317,-98.900,406.847
30.76543750,103.98494033,-102.587,406.688
30.76546083,103.98491567,-105.820,406.127
30.76547400,103.98489750,-107.757,405.504
30.76548517,103.98487717,-109.943,404.706
30.76549233,103.98485017,-111.729,402.178
30.76548050,103.98481783,-111.798,398.751
30.76546000,103.98479350,-111.144,395.404
30.76543133,103.98479000,-108.318,393.666
30.76540150,103.98479917,-105.043,392.508
30.76537083,103.98480300,-101.900,390.721
30.76535633,103.98480650,-100.156,389.953
30.76531000,103.98481333,-95.344,388.017
30.76527883,103.98482350,-91.923,386.937
30.76526167,103.98482850,-90.188,386.474
30.76525083,103.98483217,-89.073,386.292
30.76524017,103.98484000,-87.555,386.457
30.76523317,103.98485433,-86.355,387.593
30.76523467,103.98486617,-86.162,388.484
30.76523550,103.98486800,-86.088,388.622
30.76523517,103.98486750,-86.099,388.378
30.76522900,103.98486683,-85.732,387.776
30.76522550,103.98486867,-85.443,387.731
30.76523433,103.98486483,-86.922,388.073
30.76526267,103.98485350,-90.446,388.933
30.76529367,103.98484283,-93.847,390.028
30.76532450,103.98483417,-97.085,391.504
30.76534267,103.98483650,-98.291,392.602
30.76535333,103.98483333,-99.771,392.770
30.76537550,103.98482717,-102.285,393.853
30.76539583,103.98481983,-104.684,394.215
30.76541617,103.98480783,-107.092,394.542
30.76543867,103.98479917,-109.640,395.429
30.76546750,103.98479050,-112.793,396.512
30.76549533,103.98478483,-115.458,397.909
30.76552717,103.98478283,-118.610,399.916
30.76555750,103.98477367,-122.077,400.864
30.76557967,103.98476283,-124.443,401.369
30.76560717,103.98474483,-128.116,401.461
30.76563117,103.98471983,-131.618,400.930
30.76565467,103.98469433,-135.187,400.315
30.76567767,103.98466733,-138.756,399.695
30.76570283,103.98464350,-142.423,399.540
30.76572650,103.98461783,-145.842,398.871
30.76574833,103.98459000,-149.385,398.023
30.76577283,103.98456483,-153.023,397.647
30.76579933,103.98454200,-156.723,397.341
30.76582233,103.98451583,-160.275,396.708
30.76584550,103.98448867,-163.799,396.059
30.76587133,103.98446517,-167.421,396.042
30.76590067,103.98444850,-170.968,396.563
30.76593100,103.98443467,-174.530,397.445
30.76596100,103.98441950,-178.164,398.157
30.76599250,103.98440717,-181.596,399.105
30.76602417,103.98440283,-184.606,400.967
30.76605633,103.98440900,-187.248,403.528
30.76608867,103.98441717,-189.679,406.241
30.76612067,103.98442700,-192.272,409.009
30.76615383,103.98443300,-194.982,411.474
30.76618550,103.98443950,-197.705,413.905
30.76621733,103.98444717,-200.384,416.508
30.76624917,103.98445550,-202.782,419.157
30.76627950,103.98446400,-205.141,421.805
30.76631083,103.98446917,-207.702,424.043
30.76634250,103.98447350,-210.279,426.312
30.76637383,103.98447783,-212.932,428.577
30.76640533,103.98448217,-215.730,430.897
30.76643933,103.98448567,-218.677,433.081
30.76647133,103.98448800,-221.546,435.218
30.76650350,103.98448967,-224.634,437.317
30.76653367,103.98449700,-227.215,439.809
30.76656467,103.98450283,-230.052,441.944
30.76659217,103.98450267,-232.814,443.511
30.76660733,103.98450283,-234.110,444.579
30.76661783,103.98450500,-234.948,445.302
30.76662900,103.98450983,-235.794,446.491
30.76665150,103.98452917,-236.716,449.717
30.76667083,103.98455350,-236.991,452.790
30.76669217,103.98458000,-237.562,456.250
30.76670883,103.98460100,-237.799,458.807
30.76672683,103.98461283,-239.428,460.557
30.76673617,103.98459717,-241.265,458.887
30.76672033,103.98457650,-240.518,456.087
30.76669767,103.98455183,-239.203,452.693
30.76667267,103.98452967,-237.601,449.263
30.76665233,103.98450967,-236.858,446.611
30.76664217,103.98449517,-236.464,444.830
30.76662500,103.98447150,-235.989,441.719
30.76660717,103.98443800,-235.707,437.989
30.76658533,103.98440867,-235.159,434.346
30.76656400,103.98437933,-234.746,430.673
30.76654250,103.98434933,-234.207,426.898
30.76651883,103.98432117,-233.330,423.291
30.76649600,103.98429200,-232.929,419.609
30.76648233,103.98426750,-232.886,417.210
30.76647233,103.98424733,-233.070,415.087
30.76646400,103.98422567,-233.351,412.861
30.76646000,103.98421383,-233.437,411.849
30.76644283,103.98419250,-232.825,408.747
30.76642083,103.98417167,-231.933,405.801
30.76639667,103.98414550,-231.066,402.225
30.76637583,103.98411900,-230.594,398.945
30.76636317,103.98409500,-230.972,396.497
30.76636067,103.98407917,-231.807,395.181
30.76636067,103.98407533,-231.924,394.988
30.76636050,103.98407450,-231.972,394.932
30.76636067,103.98407450,-231.973,394.952
30.76636067,103.98407450,-231.987,394.954
30.76636083,103.98407433,-231.961,394.955
30.76636083,103.98407433,-231.974,394.952
30.76636100,103.98407433,-232.043,394.967
30.76636117,103.98407417,-231.832,394.926
30.76636150,103.98407433,-231.967,394.949
30.76636183,103.98407433,-231.951,394.936
30.76636233,103.98407400,-231.952,394.945
